ID,Longitude,Latitude,Height,Comment,Max_PDOP,Max_HDOP,Corr_Type,Rcvr_Type,GPS_Date,GPS_Time,Update_Sta,Feat_Name,Datafile,Unfilt_Pos,Filt_Pos,Data_Dicti,GPS_Week,GPS_Second,GNSS_Heigh,Vert_Prec,Horz_Prec,Std_Dev,Point_ID
1,-74.304040147,22.763468575,-31.81528,b1104 gcp a,2.0,1.1,Real-time Code,ProXRT,6/7/2019,04:04:01pm,New,Point_ge,060719.ssf,423,423,Generic,2056,504257.000,-31.81528,0.56162,0.45111,0.170007,1
2,-74.304040808,22.763467941,-31.85956,b1104 gcp a retake,2.0,1.1,Real-time Code,ProXRT,6/7/2019,04:11:08pm,New,Point_ge,060719.ssf,181,181,Generic,2056,504684.000,-31.85956,0.35468,0.28704,0.031556,2
3,-74.303983661,22.763398638,-32.02412,b1104 gcp b,2.0,1.1,Real-time Code,ProXRT,6/7/2019,04:15:23pm,New,Point_ge,060719.ssf,193,193,Generic,2056,504939.000,-32.02412,0.32834,0.25654,0.050902,3
4,-74.304032084,22.763360000,-33.07732,b1104 gcp c,1.8,1.0,Real-time Code,ProXRT,6/7/2019,04:19:48pm,New,Point_ge,060719.ssf,184,184,Generic,2056,505204.000,-33.07732,0.31532,0.22917,0.035067,4
5,-74.304134801,22.763419858,-33.19058,b1104 gcp d,2.6,1.3,Real-time Code,ProXRT,6/7/2019,04:25:17pm,New,Point_ge,060719.ssf,205,205,Generic,2056,505533.000,-33.19058,0.30238,0.19986,0.033284,5
6,-74.304142860,22.763485510,-32.78298,b1104 gcp e,1.8,0.9,Real-time Code,ProXRT,6/7/2019,04:29:51pm,New,Point_ge,060719.ssf,208,208,Generic,2056,505807.000,-32.78298,0.27983,0.18318,0.032749,6
7,-74.309007228,22.765709750,-33.40727,b1105 a,2.3,0.9,Real-time Code,ProXRT,6/7/2019,04:44:41pm,New,Point_ge,060719.ssf,871,871,Generic,2056,506697.000,-33.40727,0.14129,0.11461,0.076517,7
8,-74.309008379,22.765709799,-33.25908,b1105 gcp a2,2.3,0.9,Real-time Code,ProXRT,6/7/2019,04:59:16pm,New,Point_ge,060719.ssf,139,139,Generic,2056,507572.000,-33.25908,0.08570,0.08037,0.012553,8
9,-74.308924854,22.765690105,-32.59146,b1105 gcp b,2.4,1.0,Real-time Code,ProXRT,6/7/2019,05:02:16pm,New,Point_ge,060719.ssf,229,229,Generic,2056,507752.000,-32.59146,0.07749,0.07648,0.019761,9
10,-74.309054560,22.765668996,-33.70712,b1105 gcp c,2.5,1.0,Real-time Code,ProXRT,6/7/2019,05:12:22pm,New,Point_ge,060719.ssf,184,184,Generic,2056,508358.000,-33.70712,0.58379,0.70966,0.150362,10
11,-74.309078546,22.765682838,-33.26607,b1105 gcp d,2.6,1.0,Real-time Code,ProXRT,6/7/2019,05:16:31pm,New,Point_ge,060719.ssf,184,184,Generic,2056,508607.000,-33.26607,0.41938,0.44932,0.154837,11
12,-74.309155639,22.765825193,-32.01781,b1105 gcp e,2.6,1.0,Real-time Code,ProXRT,6/7/2019,05:20:31pm,New,Point_ge,060719.ssf,195,195,Generic,2056,508847.000,-32.01781,0.34273,0.34532,0.072289,12
13,-74.319751756,22.771023833,-32.99550,b1106 gcp a,3.6,1.3,Real-time Code,ProXRT,6/7/2019,05:54:00pm,New,Point_ge,060719.ssf,302,302,Generic,2056,510856.000,-32.99550,0.12902,0.16562,0.056840,13
14,-74.319694711,22.770999505,-32.04918,b1106 gcp b,3.7,1.3,Real-time Code,ProXRT,6/7/2019,06:00:09pm,New,Point_ge,060719.ssf,236,236,Generic,2056,511225.000,-32.04918,0.11913,0.13500,0.046291,14
15,-74.319807198,22.770943355,-34.28952,b1106 gcp c,2.4,1.3,Real-time Code,ProXRT,6/7/2019,06:06:14pm,New,Point_ge,060719.ssf,194,194,Generic,2056,511590.000,-34.28952,0.10947,0.11168,0.031251,15
16,-74.319874285,22.771038487,-33.20389,b1106 gcp d,2.4,1.3,Real-time Code,ProXRT,6/7/2019,06:10:26pm,New,Point_ge,060719.ssf,186,186,Generic,2056,511842.000,-33.20389,0.09769,0.09757,0.027740,16
17,-74.319791377,22.771105390,-31.84840,b1106 gcp e,2.4,1.3,Real-time Code,ProXRT,6/7/2019,06:14:42pm,New,Point_ge,060719.ssf,180,180,Generic,2056,512098.000,-31.84840,0.08606,0.08549,0.022807,17
18,-74.331867384,22.785903021,-30.93121,b1107 gcp a,1.8,0.9,Real-time Code,ProXRT,6/7/2019,06:55:29pm,New,Point_ge,060719.ssf,501,501,Generic,2056,514545.000,-30.93121,0.10095,0.09417,0.057665,18
19,-74.331805866,22.785814982,-31.04242,b1107 gcp b,1.8,0.9,Real-time Code,ProXRT,6/7/2019,07:04:43pm,New,Point_ge,060719.ssf,169,169,Generic,2056,515099.000,-31.04242,0.09817,0.07570,0.016697,19
20,-74.331854195,22.785785457,-33.37930,b1107 gcp c,1.7,0.9,Real-time Code,ProXRT,6/7/2019,07:09:06pm,New,Point_ge,060719.ssf,181,181,Generic,2056,515362.000,-33.37930,0.09642,0.07010,0.033452,20
21,-74.331895612,22.785852647,-31.52471,b1107 gcp d,1.4,0.7,Real-time Code,ProXRT,6/7/2019,07:13:13pm,New,Point_ge,060719.ssf,155,155,Generic,2056,515609.000,-31.52471,0.09361,0.06656,0.015322,21
22,-74.331957046,22.785960425,-31.50548,b1107 gcp e,1.7,0.8,Real-time Code,ProXRT,6/7/2019,07:16:43pm,New,Point_ge,060719.ssf,180,180,Generic,2056,515819.000,-31.50548,0.08684,0.06242,0.013039,22
23,-74.103154759,22.742862622,-34.72659,b1108 gcp a,2.1,1.1,Real-time Code,ProXRT,6/8/2019,03:14:48pm,New,Point_ge,june 08 2019.ssf,1354,1354,Generic,2056,587704.000,-34.72659,0.15743,0.06778,0.165929,23
24,-74.103154927,22.742862805,-34.71308,b1108 a2,2.5,1.4,Real-time Code,ProXRT,6/8/2019,03:37:26pm,New,Point_ge,june 08 2019.ssf,565,565,Generic,2056,589062.000,-34.71308,0.10805,0.04852,0.018783,24
25,-74.103198848,22.742979998,-34.45983,b1108 gcp b,2.5,1.4,Real-time Code,ProXRT,6/8/2019,03:48:23pm,New,Point_ge,june 08 2019.ssf,296,296,Generic,2056,589719.000,-34.45983,0.10426,0.04717,0.020820,25
26,-74.103329601,22.743068412,-34.71734,b1108 gcp c,2.0,1.1,Real-time Code,ProXRT,6/8/2019,03:55:10pm,New,Point_ge,june 08 2019.ssf,329,329,Generic,2056,590126.000,-34.71734,0.10308,0.04599,0.034260,26
27,-74.103199786,22.743154097,-33.98314,b1108 gcp d,2.0,1.1,Real-time Code,ProXRT,6/8/2019,04:01:56pm,New,Point_ge,june 08 2019.ssf,345,345,Generic,2056,590532.000,-33.98314,0.10188,0.04467,0.022196,27
28,-74.103021198,22.743201870,-34.17561,b1108 gcp e,2.0,1.1,Real-time Code,ProXRT,6/8/2019,04:09:19pm,New,Point_ge,june 08 2019.ssf,337,337,Generic,2056,590975.000,-34.17561,0.10438,0.04342,0.014993,28
29,-74.103185747,22.742972992,-34.27051,b1108 gcp sample b,1.8,1.0,Real-time Code,ProXRT,6/8/2019,04:16:22pm,New,Point_ge,june 08 2019.ssf,312,312,Generic,2056,591398.000,-34.27051,0.10832,0.04609,0.045774,29
30,-74.103135763,22.742868893,-34.36694,b1108 sample a,1.8,1.0,Real-time Code,ProXRT,6/8/2019,04:23:04pm,New,Point_ge,june 08 2019.ssf,217,217,Generic,2056,591800.000,-34.36694,0.11077,0.04510,0.026570,30
31,-74.132310773,22.738524668,-34.47434,b1109 gcp a,2.1,0.9,Real-time Code,ProXRT,6/8/2019,07:30:12pm,New,Point_ge,june 08 2019.ssf,561,561,Generic,2056,603028.000,-34.47434,0.30610,0.32694,0.111355,31
32,-74.132311036,22.738523918,-34.56040,b1109 gcp a2,2.1,0.9,Real-time Code,ProXRT,6/8/2019,07:39:37pm,New,Point_ge,june 08 2019.ssf,204,204,Generic,2056,603593.000,-34.56040,0.16979,0.17250,0.029163,32
33,-74.132310777,22.738523627,-34.51334,b1109 gcp a3,2.1,0.9,Real-time Code,ProXRT,6/8/2019,07:43:05pm,New,Point_ge,june 08 2019.ssf,206,206,Generic,2056,603801.000,-34.51334,0.13707,0.14135,0.024071,33
34,-74.132310597,22.738523628,-34.52578,b1109 gcp,2.1,0.9,Real-time Code,ProXRT,6/8/2019,07:46:35pm,New,Point_ge,june 08 2019.ssf,114,114,Generic,2056,604011.000,-34.52578,0.12155,0.12956,0.015677,34
35,-74.132509935,22.738552568,-35.37048,b1109 gcp c,2.1,0.9,Real-time Code,ProXRT,6/8/2019,07:50:34pm,New,Point_ge,june 08 2019.ssf,204,204,Generic,2056,604250.000,-35.37048,0.11399,0.12187,0.017485,35
36,-74.132523373,22.738619345,-34.79130,b1109 gcp d,2.1,0.9,Real-time Code,ProXRT,6/8/2019,07:54:56pm,New,Point_ge,june 08 2019.ssf,181,181,Generic,2056,604512.000,-34.79130,0.11050,0.11872,0.017900,36
37,-74.132605167,22.738562840,-35.41144,b1109 gcp e,2.1,0.9,Real-time Code,ProXRT,6/8/2019,07:58:55pm,New,Point_ge,june 08 2019.ssf,106,106,Generic,2056,604751.000,-35.41144,0.10910,0.11588,0.018526,37
38,-74.132420174,22.738524139,-35.84466,b1109 gcp b sample b,2.0,0.9,Real-time Code,ProXRT,6/8/2019,08:01:50pm,New,Point_ge,june 08 2019.ssf,101,101,Generic,2057,126.000,-35.84466,0.10527,0.11190,0.047369,38
39,-74.380224051,22.542635416,-28.77090,b1110 gcp a,1.5,0.9,Real-time Code,ProXRT,6/9/2019,12:29:17pm,New,Point_ge,june 09 2019.ssf,1375,1375,Generic,2057,59373.000,-28.77090,0.04523,0.06679,0.043198,39
40,-74.380167574,22.542733092,-29.97528,b1110 gcp b,1.5,0.9,Real-time Code,ProXRT,6/9/2019,12:53:56pm,New,Point_ge,june 09 2019.ssf,113,113,Generic,2057,60852.000,-29.97528,0.04357,0.05262,0.149155,40
41,-74.380167640,22.542732849,-29.98637,b1110 gcp b 2,1.6,0.9,Real-time Code,ProXRT,6/9/2019,12:55:52pm,New,Point_ge,june 09 2019.ssf,201,201,Generic,2057,60968.000,-29.98637,0.03564,0.04651,0.011094,41
42,-74.380439682,22.542687317,-32.30497,b1110 gcp b,1.4,0.8,Real-time Code,ProXRT,6/9/2019,01:01:16pm,New,Point_ge,june 09 2019.ssf,238,238,Generic,2057,61292.000,-32.30497,0.03318,0.04188,0.013178,42
43,-74.380469566,22.542753654,-30.10913,b1110 gcp e,1.5,0.8,Real-time Code,ProXRT,6/9/2019,01:06:54pm,New,Point_ge,june 09 2019.ssf,206,206,Generic,2057,61630.000,-30.10913,0.03167,0.03842,0.014407,43
44,-74.380298846,22.542647770,-32.25169,b1110 gcp b,1.5,0.8,Real-time Code,ProXRT,6/9/2019,01:11:46pm,New,Point_ge,june 09 2019.ssf,204,204,Generic,2057,61922.000,-32.25169,0.03053,0.03589,0.014320,44
45,-74.381393627,22.545007551,-34.54998,b1111 gcp a,2.0,0.8,Real-time Code,ProXRT,6/9/2019,01:32:39pm,New,Point_ge,june 09 2019.ssf,243,243,Generic,2057,63175.000,-34.54998,0.03251,0.03074,0.012686,45
46,-74.381281491,22.544975168,-30.57847,b1111 gcp b,2.0,0.8,Real-time Code,ProXRT,6/9/2019,01:38:13pm,New,Point_ge,june 09 2019.ssf,203,203,Generic,2057,63509.000,-30.57847,0.03308,0.03034,0.009720,46
47,-74.381333678,22.545056719,-30.84216,b1111 gca c,2.0,0.8,Real-time Code,ProXRT,6/9/2019,01:42:40pm,New,Point_ge,june 09 2019.ssf,200,200,Generic,2057,63776.000,-30.84216,0.03188,0.02968,0.012558,47
48,-74.381409114,22.545087585,-30.44777,b1111 gcp d,2.0,0.8,Real-time Code,ProXRT,6/9/2019,01:47:11pm,New,Point_ge,june 09 2019.ssf,201,201,Generic,2057,64047.000,-30.44777,0.03104,0.02931,0.011135,48
49,-74.381490524,22.545108226,-30.69802,b1111 gcp e,2.0,0.8,Real-time Code,ProXRT,6/9/2019,01:51:30pm,New,Point_ge,june 09 2019.ssf,215,215,Generic,2057,64306.000,-30.69802,0.02929,0.02873,0.010434,49
50,-74.381418297,22.544931204,-31.35796,b1111 fenestrae,2.5,0.9,Real-time Code,ProXRT,6/9/2019,01:56:48pm,New,Point_ge,june 09 2019.ssf,197,197,Generic,2057,64624.000,-31.35796,0.02790,0.02895,0.011907,50
51,-74.380544510,22.551157289,-33.01038,b1112 a,1.8,1.0,Real-time Code,ProXRT,6/9/2019,02:42:59pm,New,Point_ge,june 09 2019.ssf,54,54,Generic,2057,67395.000,-33.01038,0.14533,0.19653,0.058114,51
52,-74.380544618,22.551156955,-32.95427,b1112 gcp a,1.8,1.0,Real-time Code,ProXRT,6/9/2019,02:43:56pm,New,Point_ge,june 09 2019.ssf,284,284,Generic,2057,67452.000,-32.95427,0.12548,0.16477,0.041708,52
53,-74.380733285,22.551917091,-33.15784,b1112 gcp b,1.8,1.0,Real-time Code,ProXRT,6/9/2019,02:52:01pm,New,Point_ge,june 09 2019.ssf,218,218,Generic,2057,67937.000,-33.15784,0.09581,0.12015,0.030491,53
54,-74.380857139,22.552299052,-32.29880,b1112 gcp c,1.7,1.0,Real-time Code,ProXRT,6/9/2019,02:57:14pm,New,Point_ge,june 09 2019.ssf,224,224,Generic,2057,68250.000,-32.29880,0.08362,0.10143,0.029946,54
55,-74.381185506,22.553311850,-33.44214,b1112 gcp d,1.8,1.1,Real-time Code,ProXRT,6/9/2019,03:04:15pm,New,Point_ge,june 09 2019.ssf,201,201,Generic,2057,68671.000,-33.44214,0.07282,0.08529,0.024507,55
56,-74.381172643,22.553718614,-31.36552,b1112 gcp e,1.8,1.1,Real-time Code,ProXRT,6/9/2019,03:09:35pm,New,Point_ge,june 09 2019.ssf,314,314,Generic,2057,68991.000,-31.36552,0.06414,0.07344,0.024284,56
57,-74.381172349,22.553718766,-31.38258,,1.8,1.1,Real-time Code,ProXRT,6/9/2019,03:14:53pm,New,Point_ge,june 09 2019.ssf,13,13,Generic,2057,69309.000,-31.38258,0.07699,0.07730,0.005309,57
58,-74.380736365,22.551920953,-32.97651,b1112 sample b,2.1,1.1,Real-time Code,ProXRT,6/9/2019,03:21:04pm,New,Point_ge,june 09 2019.ssf,209,209,Generic,2057,69680.000,-32.97651,0.06113,0.06952,0.018750,58
59,-74.381209788,22.553462890,-33.44189,b1112 sample d,2.5,1.4,Real-time Code,ProXRT,6/9/2019,03:39:31pm,New,Point_ge,june 09 2019.ssf,236,236,Generic,2057,70787.000,-33.44189,0.05662,0.06107,0.022131,59
60,-74.381147396,22.553071567,-33.42472,b1112 sample z,2.0,1.1,Real-time Code,ProXRT,6/9/2019,03:58:54pm,New,Point_ge,june 09 2019.ssf,202,202,Generic,2057,71950.000,-33.42472,0.06295,0.05326,0.028810,60
61,-74.380768481,22.552085550,-32.98381,b1112 sample y,2.0,1.1,Real-time Code,ProXRT,6/9/2019,04:06:11pm,New,Point_ge,june 09 2019.ssf,240,240,Generic,2057,72387.000,-32.98381,0.06820,0.05150,0.020303,61
62,-74.379381425,22.566637465,-31.89350,b1113 gcp a,2.3,0.9,Real-time Code,ProXRT,6/9/2019,04:51:18pm,New,Point_ge,june 09 2019.ssf,330,330,Generic,2057,75094.000,-31.89350,0.16711,0.06289,0.039578,62
63,-74.379381390,22.566637776,-31.99752,b1113 gcp a2,2.5,1.0,Real-time Code,ProXRT,6/9/2019,04:56:51pm,New,Point_ge,june 09 2019.ssf,211,211,Generic,2057,75427.000,-31.99752,0.10010,0.05074,0.021632,63
64,-74.379197010,22.566579942,-29.94381,b1113 gcp b,2.5,1.0,Real-time Code,ProXRT,6/9/2019,05:01:35pm,New,Point_ge,june 09 2019.ssf,208,208,Generic,2057,75711.000,-29.94381,0.07398,0.04830,0.013044,64
65,-74.379176716,22.566364993,-31.33647,b1113 gcp c,2.6,1.0,Uncorrected,ProXRT,6/9/2019,05:06:16pm,New,Point_ge,june 09 2019.ssf,1318,1318,Generic,2057,75992.000,-31.33647,0.21327,0.12370,0.102077,65
66,-74.379176062,22.566364931,-31.26080,b1113 gcp c 2,2.6,1.0,Real-time Code,ProXRT,6/9/2019,05:28:18pm,New,Point_ge,june 09 2019.ssf,183,183,Generic,2057,77314.000,-31.26080,0.11999,0.07516,0.023109,66
67,-74.379386476,22.566033687,-33.56429,b1113 gcp d,2.5,1.0,Real-time Code,ProXRT,6/9/2019,05:33:55pm,New,Point_ge,june 09 2019.ssf,186,186,Generic,2057,77651.000,-33.56429,0.09868,0.06702,0.010145,67
68,-74.379502166,22.566372841,-34.42377,b1113 gcp e,2.3,1.0,Real-time Code,ProXRT,6/9/2019,05:39:11pm,New,Point_ge,june 09 2019.ssf,216,216,Generic,2057,77967.000,-34.42377,0.08603,0.06225,0.012558,68
69,-74.230789799,22.758352260,-34.25520,regenaugh sign,1.5,0.8,Real-time Code,ProXRT,6/10/2019,10:42:50am,New,Point_ge,june 10 2019.ssf,111,111,Generic,2057,139386.000,-34.25520,0.11330,0.33976,0.054070,69
71,-74.236287384,22.758048157,-28.88553,b1114 gcp a,1.4,0.8,Real-time Code,ProXRT,6/10/2019,10:54:34am,New,Point_ge,june 10 2019.ssf,181,181,Generic,2057,140090.000,-28.88553,0.05533,0.17280,0.021570,71
72,-74.236379901,22.758046414,-27.86369,b1114 gcp b,1.6,0.9,Real-time Code,ProXRT,6/10/2019,10:59:02am,New,Point_ge,june 10 2019.ssf,180,180,Generic,2057,140358.000,-27.86369,0.04736,0.15157,0.016832,72
73,-74.236430919,22.758051002,-27.15707,b1114 gcp c,1.6,0.9,Real-time Code,ProXRT,6/10/2019,11:03:13am,New,Point_ge,june 10 2019.ssf,181,181,Generic,2057,140609.000,-27.15707,0.04285,0.13561,0.049248,73
74,-74.236505549,22.758049915,-27.42709,b1114 gcp d,1.5,0.9,Real-time Code,ProXRT,6/10/2019,11:07:24am,New,Point_ge,june 10 2019.ssf,181,181,Generic,2057,140860.000,-27.42709,0.03969,0.12218,0.031438,74
75,-74.236561969,22.758040809,-28.50966,b1114 gcp e,1.5,0.9,Real-time Code,ProXRT,6/10/2019,11:11:31am,New,Point_ge,june 10 2019.ssf,181,181,Generic,2057,141107.000,-28.50966,0.03687,0.11039,0.025186,75
76,-74.237718219,22.757974688,-26.62727,b1114 gcp f,1.4,0.9,Real-time Code,ProXRT,6/10/2019,11:17:02am,New,Point_ge,june 10 2019.ssf,181,181,Generic,2057,141438.000,-26.62727,0.03389,0.09877,0.021702,76
77,-74.237870824,22.757966052,-26.28651,b1114 gcp g,2.0,1.1,Real-time Code,ProXRT,6/10/2019,11:21:08am,New,Point_ge,june 10 2019.ssf,188,188,Generic,2057,141684.000,-26.28651,0.03220,0.09227,0.026582,77
78,-74.237981587,22.757969970,-26.45698,b1114 gcp h,2.0,1.1,Real-time Code,ProXRT,6/10/2019,11:25:09am,New,Point_ge,june 10 2019.ssf,180,180,Generic,2057,141925.000,-26.45698,0.03112,0.08606,0.023003,78
80,-74.241517926,22.758821673,-24.33555,b1115 gcp a,2.1,1.2,Real-time Code,ProXRT,6/10/2019,11:36:28am,New,Point_ge,june 10 2019.ssf,150,150,Generic,2057,142604.000,-24.33555,0.03184,0.07513,0.032538,80
81,-74.241517953,22.758821569,-24.33560,b1115 gcp a2,1.6,0.9,Real-time Code,ProXRT,6/10/2019,11:39:54am,New,Point_ge,june 10 2019.ssf,98,98,Generic,2057,142810.000,-24.33560,0.03313,0.07521,0.010060,81
82,-74.241624680,22.758875194,-25.04613,b1115 gcp b,1.6,0.9,Real-time Code,ProXRT,6/10/2019,11:42:19am,New,Point_ge,june 10 2019.ssf,181,181,Generic,2057,142955.000,-25.04613,0.03394,0.07425,0.028922,82
83,-74.241714892,22.758939144,-25.61498,b1115 gcp c,1.6,0.9,Real-time Code,ProXRT,6/10/2019,11:46:30am,New,Point_ge,june 10 2019.ssf,183,183,Generic,2057,143206.000,-25.61498,0.03417,0.07255,0.034065,83
84,-74.241886537,22.758890179,-26.96931,b1115 gcp d,1.6,0.9,Real-time Code,ProXRT,6/10/2019,11:50:44am,New,Point_ge,june 10 2019.ssf,180,180,Generic,2057,143460.000,-26.96931,0.03439,0.07038,0.024692,84
85,-74.242011277,22.758876579,-27.87927,b1115 gcp e,2.4,1.4,Real-time Code,ProXRT,6/10/2019,11:54:59am,New,Point_ge,june 10 2019.ssf,183,183,Generic,2057,143715.000,-27.87927,0.03769,0.06902,0.023663,85
87,-74.110571568,22.735956479,-34.00351,b1116 gcp a,1.3,0.8,Real-time Code,ProXRT,6/11/2019,11:17:46am,New,Point_ge,june 11 2019.ssf,349,349,Generic,2057,227882.000,-34.00351,0.09547,0.29069,0.063743,87
88,-74.110480556,22.735953105,-34.96646,b1116 gcp b,1.6,0.9,Real-time Code,ProXRT,6/11/2019,11:25:52am,New,Point_ge,june 11 2019.ssf,201,201,Generic,2057,228368.000,-34.96646,0.06757,0.22008,0.018962,88
89,-74.110366562,22.736032089,-34.64389,b1116 gcp c,1.6,0.9,Real-time Code,ProXRT,6/11/2019,11:32:18am,New,Point_ge,june 11 2019.ssf,201,201,Generic,2057,228754.000,-34.64389,0.05368,0.17784,0.022096,89
90,-74.110645778,22.736096423,-34.73362,b1116 gcp d,1.6,0.9,Real-time Code,ProXRT,6/11/2019,11:38:55am,New,Point_ge,june 11 2019.ssf,201,201,Generic,2057,229151.000,-34.73362,0.04565,0.14290,0.035034,90
91,-74.110636223,22.735900872,-34.97956,b1116 gcp e,1.4,0.9,Real-time Code,ProXRT,6/11/2019,12:04:48pm,New,Point_ge,june 11 2019.ssf,182,182,Generic,2057,230704.000,-34.97956,0.03408,0.06164,0.040743,91
92,-74.111760431,22.736727533,-34.52962,b1117 gcp a,1.5,0.9,Real-time Code,ProXRT,6/11/2019,12:13:44pm,New,Point_ge,june 11 2019.ssf,513,513,Generic,2057,231240.000,-34.52962,0.03157,0.05682,0.034809,92
93,-74.111646534,22.736628235,-34.69484,b1117 gcp e,1.5,0.9,Real-time Code,ProXRT,6/11/2019,12:23:22pm,New,Point_ge,june 11 2019.ssf,490,490,Generic,2057,231818.000,-34.69484,0.02903,0.05226,0.058527,93
94,-74.111659409,22.736786968,-34.73909,b1117 gcp d,1.5,0.8,Real-time Code,ProXRT,6/11/2019,12:44:49pm,New,Point_ge,june 11 2019.ssf,257,257,Generic,2057,233105.000,-34.73909,0.02881,0.03916,0.017533,94
95,-74.112095864,22.736704472,-34.46403,b1117 gcp c,1.5,0.8,Real-time Code,ProXRT,6/11/2019,12:53:10pm,New,Point_ge,june 11 2019.ssf,267,267,Generic,2057,233606.000,-34.46403,0.02842,0.03455,0.011778,95
96,-74.111854915,22.736666168,-34.25184,b1117 gcp b,1.5,0.8,Real-time Code,ProXRT,6/11/2019,01:00:55pm,New,Point_ge,june 11 2019.ssf,97,97,Generic,2057,234071.000,-34.25184,0.03098,0.03311,0.009036,96
97,-74.154223393,22.741555626,-33.93728,b1118 gcp c sample,2.6,1.4,Real-time Code,ProXRT,6/11/2019,03:38:55pm,New,Point_ge,june 11 2019.ssf,894,894,Generic,2057,243551.000,-33.93728,0.30182,0.20916,0.073271,97
98,-74.154223198,22.741555786,-34.08023,b1118 gcp c sample2,2.0,1.1,Real-time Code,ProXRT,6/11/2019,03:53:54pm,New,Point_ge,june 11 2019.ssf,314,314,Generic,2057,244450.000,-34.08023,0.14259,0.10497,0.043860,98
99,-74.154222607,22.741555935,-34.16648,b1118 gcp c sample 3,2.4,1.3,Real-time Code,ProXRT,6/11/2019,03:59:13pm,New,Point_ge,june 11 2019.ssf,192,192,Generic,2057,244769.000,-34.16648,0.12799,0.08793,0.021700,99
100,-74.154280921,22.741508373,-34.35667,b1118 gcp b,2.5,1.3,Real-time Code,ProXRT,6/11/2019,04:03:33pm,New,Point_ge,june 11 2019.ssf,204,204,Generic,2057,245029.000,-34.35667,0.12350,0.08329,0.027957,100
101,-74.154297729,22.741532211,-33.24505,b1118 gcp a,2.6,1.3,Real-time Code,ProXRT,6/11/2019,04:08:09pm,New,Point_ge,june 11 2019.ssf,208,208,Generic,2057,245305.000,-33.24505,0.12283,0.07971,0.024024,101
102,-74.154166454,22.741576371,-33.89253,b1118 gcp d,2.7,1.3,Real-time Code,ProXRT,6/11/2019,04:12:35pm,New,Point_ge,june 11 2019.ssf,227,227,Generic,2057,245571.000,-33.89253,0.13120,0.07946,0.105270,102
103,-74.154139967,22.741613276,-33.97332,b1118 gcp e,3.0,1.3,Real-time Code,ProXRT,6/11/2019,04:17:27pm,New,Point_ge,june 11 2019.ssf,218,218,Generic,2057,245863.000,-33.97332,0.14323,0.07883,0.022148,103
104,-74.340570423,22.804719057,-34.29196,landrail tide guage 3 + 2.40,1.8,0.9,Real-time Code,ProXRT,6/12/2019,10:39:05am,New,Point_ge,june 12 2019.ssf,319,319,Generic,2057,311961.000,-34.29196,0.06668,0.18918,0.041687,104
105,-75.272090185,23.604403623,-31.77864,b1119 gcp a,1.5,0.9,Real-time Code,ProXRT,6/13/2019,12:20:28pm,New,Point_ge,june 13 2019.ssf,501,501,Generic,2057,404444.000,-31.77864,0.08420,0.12471,0.045749,105
106,-75.272031729,23.604268374,-31.11822,b1119 gcp b,1.5,0.9,Real-time Code,ProXRT,6/13/2019,12:31:42pm,New,Point_ge,june 13 2019.ssf,296,296,Generic,2057,405118.000,-31.11822,0.05771,0.07782,0.015157,106
107,-75.272170857,23.604344615,-30.14861,b1119 gcp c,1.5,0.9,Real-time Code,ProXRT,6/13/2019,12:38:03pm,New,Point_ge,june 13 2019.ssf,200,200,Generic,2057,405499.000,-30.14861,0.05157,0.06468,0.010986,107
108,-75.272184529,23.604492410,-30.99697,b1119 gcp d,1.6,0.8,Real-time Code,ProXRT,6/13/2019,12:43:00pm,New,Point_ge,june 13 2019.ssf,347,347,Generic,2057,405796.000,-30.99697,0.04451,0.05354,0.014033,108
109,-75.271986971,23.604452334,-32.51482,b1119 gcp e,1.5,0.8,Real-time Code,ProXRT,6/13/2019,12:51:07pm,New,Point_ge,june 13 2019.ssf,439,439,Generic,2057,406283.000,-32.51482,0.03886,0.04407,0.010585,109
110,-75.272092578,23.604368639,-31.02570,b1119 sample a,1.9,0.8,Real-time Code,ProXRT,6/13/2019,01:00:20pm,New,Point_ge,june 13 2019.ssf,277,277,Generic,2057,406836.000,-31.02570,0.03616,0.03929,0.010291,110
111,-75.272943423,23.605230346,-27.53058,b1120 gcp a,2.1,0.8,Real-time Code,ProXRT,6/13/2019,01:25:02pm,New,Point_ge,june 13 2019.ssf,481,481,Generic,2057,408318.000,-27.53058,0.11999,0.18556,0.054781,111
112,-75.272942983,23.605230262,-27.53048,b1120 gcp a2,2.5,0.9,Real-time Code,ProXRT,6/13/2019,01:33:06pm,New,Point_ge,june 13 2019.ssf,288,288,Generic,2057,408802.000,-27.53048,0.07993,0.12587,0.015212,112
113,-75.272831693,23.605246691,-29.29842,b1120 gcp b,2.0,0.8,Real-time Code,ProXRT,6/13/2019,01:39:19pm,New,Point_ge,june 13 2019.ssf,201,201,Generic,2057,409175.000,-29.29842,0.06777,0.10382,0.031324,113
114,-75.272802663,23.605277231,-32.08798,b1120 gcp c,2.4,0.9,Real-time Code,ProXRT,6/13/2019,01:44:24pm,New,Point_ge,june 13 2019.ssf,202,202,Generic,2057,409480.000,-32.08798,0.05833,0.08966,0.013302,114
115,-75.272819213,23.605280686,-30.83216,b1120 gcp d,2.4,0.9,Real-time Code,ProXRT,6/13/2019,01:49:25pm,New,Point_ge,june 13 2019.ssf,211,211,Generic,2057,409781.000,-30.83216,0.05280,0.07955,0.015308,115
116,-75.272770957,23.605260540,-31.77509,b1120 gcp e,2.3,0.9,Real-time Code,ProXRT,6/13/2019,01:54:47pm,New,Point_ge,june 13 2019.ssf,261,261,Generic,2057,410103.000,-31.77509,0.04704,0.07064,0.014199,116
117,-75.066291646,23.151783421,-34.34426,long island tide gauge tg +22 cm,1.6,0.9,Real-time Code,ProXRT,6/14/2019,10:45:25am,New,Point_ge,june 14 2019.ssf,549,549,Generic,2057,485141.000,-34.34426,0.04704,0.13719,0.029822,117
118,-74.917849976,23.073130618,-33.71804,modern fenestra high -12 cm,1.7,0.9,Real-time Code,ProXRT,6/14/2019,12:16:52pm,New,Point_ge,june 14 2019.ssf,1008,1008,Generic,2057,490628.000,-33.71804,0.13879,0.16321,0.071307,118
119,-74.918493523,23.074459425,-34.37154,constructional terrace highpoint,1.6,0.8,Real-time Code,ProXRT,6/14/2019,12:37:01pm,New,Point_ge,june 14 2019.ssf,157,157,Generic,2057,491837.000,-34.37154,0.08507,0.10172,0.010105,119
120,-74.919105326,23.075418737,-34.02466,modern constructional terrace 2,1.7,0.8,Real-time Code,ProXRT,6/14/2019,12:45:27pm,New,Point_ge,june 14 2019.ssf,117,117,Generic,2057,492343.000,-34.02466,0.28559,0.20142,0.016510,120
121,-74.921254664,23.077594556,-34.50964,b1121 gcp c,3.4,1.7,Real-time Code,ProXRT,6/14/2019,01:31:46pm,New,Point_ge,june 14 2019.ssf,343,343,Generic,2057,495122.000,-34.50964,0.14632,0.18194,0.079530,121
122,-74.921277458,23.077612931,-34.47852,b1121 gcp d,4.5,2.0,Real-time Code,ProXRT,6/14/2019,01:38:04pm,New,Point_ge,june 14 2019.ssf,219,219,Generic,2057,495500.000,-34.47852,0.11514,0.15480,0.025400,122
123,-74.921187955,23.077897133,-33.84449,b1121 gcp e,2.4,0.9,Real-time Code,ProXRT,6/14/2019,01:43:45pm,New,Point_ge,june 14 2019.ssf,202,202,Generic,2057,495841.000,-33.84449,0.10073,0.13978,0.027746,123
124,-74.920976812,23.077515110,-34.14568,b1121 gcp a,2.6,1.0,Real-time Code,ProXRT,6/14/2019,01:49:55pm,New,Point_ge,june 14 2019.ssf,201,201,Generic,2057,496211.000,-34.14568,0.08895,0.12850,0.017661,124
125,-74.921048647,23.077489269,-33.16499,b1121 gcp b,2.5,1.2,Real-time Code,ProXRT,6/14/2019,01:54:48pm,New,Point_ge,june 14 2019.ssf,201,201,Generic,2057,496504.000,-33.16499,0.08209,0.12338,0.066395,125
126,-74.854765802,22.975485373,-34.67114,b1122 gcp b,1.6,0.9,Real-time Code,ProXRT,6/15/2019,12:31:28pm,New,Point_ge,june 15 2019.ssf,556,556,Generic,2057,577904.000,-34.67114,0.08106,0.10427,0.027237,126
127,-74.854765641,22.975485518,-34.51282,b1122 gcp b2,1.5,0.8,Real-time Code,ProXRT,6/15/2019,12:40:53pm,New,Point_ge,june 15 2019.ssf,103,103,Generic,2057,578469.000,-34.51282,0.06560,0.08316,0.016124,127
128,-74.854816800,22.975484880,-33.98452,b1122 gcp a,1.5,0.8,Real-time Code,ProXRT,6/15/2019,12:44:15pm,New,Point_ge,june 15 2019.ssf,209,209,Generic,2057,578671.000,-33.98452,0.05419,0.07140,0.040999,128
129,-74.854784225,22.975578194,-33.36265,b1122 gcp c,1.6,0.8,Real-time Code,ProXRT,6/15/2019,12:49:07pm,New,Point_ge,june 15 2019.ssf,187,187,Generic,2057,578963.000,-33.36265,0.04711,0.06238,0.023686,129
130,-74.854656023,22.975563483,-33.96500,b1122 gcp d,1.9,0.8,Real-time Code,ProXRT,6/15/2019,12:53:19pm,New,Point_ge,june 15 2019.ssf,205,205,Generic,2057,579215.000,-33.96500,0.04252,0.05598,0.067449,130
131,-74.854596756,22.975549249,-34.44118,b1122 gcp e,2.0,0.8,Real-time Code,ProXRT,6/15/2019,12:57:28pm,New,Point_ge,june 15 2019.ssf,201,201,Generic,2057,579464.000,-34.44118,0.04032,0.05199,0.031921,131
132,-74.855112155,22.977501172,-33.91550,porites colony in growth,2.1,0.8,Real-time Code,ProXRT,6/15/2019,01:19:06pm,New,Point_ge,june 15 2019.ssf,191,191,Generic,2057,580762.000,-33.91550,0.25168,0.39135,0.135279,132
133,-75.089063442,23.240338332,-31.41528,b1123 red corraline,1.3,0.8,Real-time Code,ProXRT,6/16/2019,11:54:12am,New,Point_ge,june 16 2019.ssf,607,607,Generic,2058,57268.000,-31.41528,0.13526,0.17760,0.135225,133
134,-75.089061830,23.240338490,-31.28523,b1123 red corraline 2,1.5,0.9,Real-time Code,ProXRT,6/16/2019,12:04:22pm,New,Point_ge,june 16 2019.ssf,473,473,Generic,2058,57878.000,-31.28523,0.06729,0.10002,0.032986,134
135,-75.088866810,23.240700323,-31.50481,b1123 gcp a,1.5,0.9,Real-time Code,ProXRT,6/16/2019,12:18:26pm,New,Point_ge,june 16 2019.ssf,403,403,Generic,2058,58722.000,-31.50481,0.05142,0.06875,0.012405,135
136,-75.088655519,23.241308440,-31.29742,b1123 gcp b,1.5,0.8,Real-time Code,ProXRT,6/16/2019,12:31:18pm,New,Point_ge,june 16 2019.ssf,411,411,Generic,2058,59494.000,-31.29742,0.05118,0.06391,0.013466,136
137,-75.088440627,23.242080222,-31.35231,b1123 gcp d,1.5,0.8,Real-time Code,ProXRT,6/16/2019,12:41:35pm,New,Point_ge,june 16 2019.ssf,224,224,Generic,2058,60111.000,-31.35231,0.04872,0.06180,0.013946,137
138,-75.088583417,23.241756980,-31.66803,b1123 gcp c,1.9,0.8,Real-time Code,ProXRT,6/16/2019,12:47:46pm,New,Point_ge,june 16 2019.ssf,212,212,Generic,2058,60482.000,-31.66803,0.04954,0.05817,0.009166,138
139,-75.088427744,23.242257233,-31.25778,b1123 gcp e,1.9,0.8,Real-time Code,ProXRT,6/16/2019,12:55:38pm,New,Point_ge,june 16 2019.ssf,261,261,Generic,2058,60954.000,-31.25778,0.05253,0.05751,0.011863,139
140,-75.088565942,23.241625411,-31.23987,b1123 sample z,2.0,0.8,Real-time Code,ProXRT,6/16/2019,01:07:13pm,New,Point_ge,june 16 2019.ssf,780,780,Generic,2058,61649.000,-31.23987,0.04101,0.04591,0.010565,140
141,-75.088663648,23.241358727,-31.19773,b1123 sample y,2.1,0.8,Real-time Code,ProXRT,6/16/2019,01:22:33pm,New,Point_ge,june 16 2019.ssf,279,279,Generic,2058,62569.000,-31.19773,0.03469,0.04051,0.014795,141
142,-75.088902530,23.243401213,-32.18268,b1124 gcp a,2.1,0.9,Real-time Code,ProXRT,6/16/2019,01:48:28pm,New,Point_ge,june 16 2019.ssf,193,193,Generic,2058,64124.000,-32.18268,0.03284,0.03738,0.006239,142
143,-75.089009830,23.243392763,-31.34014,b1124 gcp b,2.0,0.9,Real-time Code,ProXRT,6/16/2019,01:53:30pm,New,Point_ge,june 16 2019.ssf,182,182,Generic,2058,64426.000,-31.34014,0.03071,0.03661,0.016158,143
144,-75.089152883,23.243437042,-31.16023,b1124 gcp c fen,2.0,0.9,Real-time Code,ProXRT,6/16/2019,01:58:13pm,New,Point_ge,june 16 2019.ssf,200,200,Generic,2058,64709.000,-31.16023,0.02959,0.03554,0.013660,144
145,-75.089153997,23.243555003,-32.27157,b1124 gcp d,1.9,0.9,Real-time Code,ProXRT,6/16/2019,02:02:42pm,New,Point_ge,june 16 2019.ssf,206,206,Generic,2058,64978.000,-32.27157,0.02855,0.03414,0.016713,145
146,-75.089068442,23.243595766,-32.93877,b1124 gcp e,2.1,1.1,Real-time Code,ProXRT,6/16/2019,02:07:27pm,New,Point_ge,june 16 2019.ssf,199,199,Generic,2058,65263.000,-32.93877,0.02812,0.03318,0.017143,146
147,-74.852752969,22.857202136,-34.99220,b1125 gcp a,2.0,0.8,Real-time Code,ProXRT,6/18/2019,12:54:51pm,New,Point_ge,june 18 2019.ssf,746,746,Generic,2058,233707.000,-34.99220,0.13595,0.18846,0.769833,147
148,-74.852748380,22.857201193,-35.21674,b1125 gcp a 2,2.0,0.8,Real-time Code,ProXRT,6/18/2019,01:07:20pm,New,Point_ge,june 18 2019.ssf,201,201,Generic,2058,234456.000,-35.21674,0.07826,0.11270,0.029583,148
149,-74.852632896,22.857326889,-34.26125,b1125 gcp b,2.0,0.8,Real-time Code,ProXRT,6/18/2019,01:13:15pm,New,Point_ge,june 18 2019.ssf,200,200,Generic,2058,234811.000,-34.26125,0.05861,0.08880,0.022058,149
150,-74.852619480,22.857253642,-35.16581,b1125 gcp c,2.0,0.8,Real-time Code,ProXRT,6/18/2019,01:17:47pm,New,Point_ge,june 18 2019.ssf,201,201,Generic,2058,235083.000,-35.16581,0.04720,0.07717,0.006731,150
151,-74.852567891,22.857280244,-34.43622,b1125 gcp d,2.5,0.9,Real-time Code,ProXRT,6/18/2019,01:22:21pm,New,Point_ge,june 18 2019.ssf,202,202,Generic,2058,235357.000,-34.43622,0.03999,0.06870,0.011615,151
152,-74.852532837,22.857350073,-34.69826,b1125 gcp e,2.4,0.9,Real-time Code,ProXRT,6/18/2019,01:28:09pm,New,Point_ge,june 18 2019.ssf,202,202,Generic,2058,235705.000,-34.69826,0.03678,0.06138,0.009067,152
153,-74.852717029,22.857219208,-34.99721,b1125 sample z,2.0,0.9,Real-time Code,ProXRT,6/18/2019,01:45:22pm,New,Point_ge,june 18 2019.ssf,398,398,Generic,2058,236738.000,-34.99721,0.02932,0.04665,0.016006,153
154,-75.154788930,23.350666054,-32.66878,b1126 gcp b,2.8,1.2,Real-time Code,ProXRT,6/19/2019,09:20:58am,New,Point_ge,june 19 2019.ssf,496,496,Generic,2058,307274.000,-32.66878,0.14050,0.33835,0.256941,154
155,-75.154788368,23.350664692,-32.48274,b1126 gcp b2,2.9,1.2,Real-time Code,ProXRT,6/19/2019,09:29:20am,New,Point_ge,june 19 2019.ssf,202,202,Generic,2058,307776.000,-32.48274,0.09177,0.22180,0.024652,155
156,-75.154723666,23.350685551,-32.31425,b1126 gcp a,2.9,1.2,Real-time Code,ProXRT,6/19/2019,09:37:55am,New,Point_ge,june 19 2019.ssf,213,213,Generic,2058,308291.000,-32.31425,0.07177,0.14793,0.033773,156
157,-75.155667871,23.350916432,-33.61430,b1126 gcp d,5.4,2.2,Real-time Code,ProXRT,6/19/2019,09:51:01am,New,Point_ge,june 19 2019.ssf,202,202,Generic,2058,309077.000,-33.61430,0.59964,0.98787,0.635745,157
158,-75.155673655,23.350912127,-32.89260,b1126 gcp d2,5.3,2.1,Real-time Code,ProXRT,6/19/2019,09:54:26am,New,Point_ge,june 19 2019.ssf,206,206,Generic,2058,309282.000,-32.89260,0.32531,0.74197,0.073735,158
159,-75.155926879,23.350960662,-33.43137,b1126 gcp e,2.1,1.0,Real-time Code,ProXRT,6/19/2019,10:00:31am,New,Point_ge,june 19 2019.ssf,543,543,Generic,2058,309647.000,-33.43137,0.18232,0.36374,0.090494,159
160,-75.155927198,23.350961096,-33.22406,b1126 gcp e2,1.9,0.9,Real-time Code,ProXRT,6/19/2019,10:09:37am,New,Point_ge,june 19 2019.ssf,406,406,Generic,2058,310193.000,-33.22406,0.09772,0.21713,0.036279,160
161,-75.155458091,23.350817103,-32.69857,b1126 gcp c,2.6,1.3,Real-time Code,ProXRT,6/19/2019,10:18:50am,New,Point_ge,june 19 2019.ssf,201,201,Generic,2058,310746.000,-32.69857,0.06889,0.16507,0.029482,161
162,-75.226705061,23.437283585,-32.73408,b1127 gcp d,2.1,1.3,Real-time Code,ProXRT,6/19/2019,02:49:46pm,New,Point_ge,june 19 2019.ssf,577,577,Generic,2058,327002.000,-32.73408,0.30890,0.16330,0.041443,162
163,-75.226704888,23.437283212,-32.49572,b1127 gcp d2,3.1,1.8,Real-time Code,ProXRT,6/19/2019,02:59:28pm,New,Point_ge,june 19 2019.ssf,1039,1039,Generic,2058,327584.000,-32.49572,0.20133,0.11043,0.042201,163
164,-75.226704040,23.437283310,-32.63564,b1127 gcp d3,3.0,1.6,Real-time Code,ProXRT,6/19/2019,03:16:57pm,New,Point_ge,june 19 2019.ssf,301,301,Generic,2058,328633.000,-32.63564,0.15790,0.08454,0.028794,164
165,-75.226663350,23.436776212,-32.51791,b1127 gcp e,2.0,1.3,Real-time Code,ProXRT,6/19/2019,03:25:38pm,New,Point_ge,june 19 2019.ssf,636,636,Generic,2058,329154.000,-32.51791,0.14541,0.07540,0.018586,165
166,-75.226663341,23.436776224,-32.56959,b1127 gcp e,2.2,1.3,Real-time Code,ProXRT,6/19/2019,03:36:18pm,New,Point_ge,june 19 2019.ssf,206,206,Generic,2058,329794.000,-32.56959,0.10775,0.06118,0.022791,166
167,-75.226637661,23.437323659,-32.68949,b1126 gcp c,3.1,1.3,Real-time Code,ProXRT,6/19/2019,03:50:46pm,New,Point_ge,june 19 2019.ssf,240,240,Generic,2058,330662.000,-32.68949,0.77897,0.61999,0.211538,167
168,-75.226618538,23.437321652,-32.32613,b1126 sample z,1.9,0.9,Real-time Code,ProXRT,6/19/2019,03:55:41pm,New,Point_ge,june 19 2019.ssf,179,179,Generic,2058,330957.000,-32.32613,0.59153,0.43021,0.222804,168
169,-75.226719155,23.437403988,-32.05744,b1126 gcp b,1.5,0.6,Uncorrected,ProXRT,6/19/2019,04:00:27pm,New,Point_ge,june 19 2019.ssf,384,45,Generic,2058,331243.000,-32.05744,7.46875,5.47274,0.030518,169
170,-75.226853651,23.437443572,-32.87919,b1126 gcp a,3.8,1.4,Real-time Code,ProXRT,6/19/2019,04:09:02pm,New,Point_ge,june 19 2019.ssf,907,907,Generic,2058,331758.000,-32.87919,0.22611,0.18073,0.260837,170
171,-75.226851802,23.437443030,-32.96205,b1126 gcp a 2,3.8,1.4,Real-time Code,ProXRT,6/19/2019,04:24:13pm,New,Point_ge,june 19 2019.ssf,648,648,Generic,2058,332669.000,-32.96205,0.14009,0.11090,0.082634,171
174,-75.044556915,23.081995944,-32.47636,b1128 gcp sample a,2.4,1.1,Real-time Code,ProXRT,6/20/2019,09:07:28am,New,Point_ge,june 20 2019.ssf,377,377,Generic,2058,392864.000,-32.47636,0.08035,0.10262,0.027654,174
175,-75.044557111,23.081996333,-32.50150,b1128 gcp sample a2,1.9,0.9,Real-time Code,ProXRT,6/20/2019,09:13:49am,New,Point_ge,june 20 2019.ssf,498,498,Generic,2058,393245.000,-32.50150,0.04962,0.07781,0.028113,175
176,-75.044472487,23.082013118,-32.36025,b1128 gcp d,2.0,0.9,Real-time Code,ProXRT,6/20/2019,09:32:17am,New,Point_ge,june 20 2019.ssf,501,501,Generic,2058,394353.000,-32.36025,0.03333,0.05816,0.031082,176
177,-75.044472030,23.082008200,-30.84862,b1128 gcp e,2.0,0.9,Real-time Code,ProXRT,6/20/2019,09:41:52am,New,Point_ge,june 20 2019.ssf,201,201,Generic,2058,394928.000,-30.84862,0.04240,0.05663,0.083309,177
178,-75.044499800,23.081997346,-32.83106,,2.4,1.4,Real-time Code,ProXRT,6/20/2019,09:47:07am,New,Point_ge,june 20 2019.ssf,15,15,Generic,2058,395243.000,-32.83106,0.06987,0.07389,0.023610,178
179,-75.044500022,23.081997564,-32.76381,b1128 gcp c,2.4,1.4,Real-time Code,ProXRT,6/20/2019,09:47:25am,New,Point_ge,june 20 2019.ssf,201,201,Generic,2058,395261.000,-32.76381,0.04918,0.06144,0.022996,179
180,-75.044522262,23.081990007,-33.30965,b1128 gcp b,2.4,1.4,Real-time Code,ProXRT,6/20/2019,09:52:31am,New,Point_ge,june 20 2019.ssf,242,242,Generic,2058,395567.000,-33.30965,0.04882,0.06152,0.027023,180
181,-74.851468653,22.951670519,-33.80521,b1129 gcp c,1.8,1.0,Real-time Code,ProXRT,6/20/2019,01:52:37pm,New,Point_ge,june 20 2019.ssf,596,596,Generic,2058,409973.000,-33.80521,0.02927,0.03265,0.016051,181
182,-74.851434852,22.951428318,-33.81256,b1129 gcp d,1.8,1.0,Real-time Code,ProXRT,6/20/2019,02:09:30pm,New,Point_ge,june 20 2019.ssf,233,233,Generic,2058,410986.000,-33.81256,0.03168,0.03180,0.012598,182
183,-74.851168218,22.950239093,-33.65423,b1129 gcp e,1.8,1.1,Real-time Code,ProXRT,6/20/2019,02:24:04pm,New,Point_ge,june 20 2019.ssf,436,436,Generic,2058,411860.000,-33.65423,0.03174,0.02760,0.016093,183
184,-74.851250814,22.950464898,-33.98861,b1129 sample z,2.1,1.1,Real-time Code,ProXRT,6/20/2019,02:33:50pm,New,Point_ge,june 20 2019.ssf,869,869,Generic,2058,412446.000,-33.98861,0.03716,0.02664,0.020501,184
185,-74.851500732,22.953139228,-33.47376,b1129 gcp b,2.5,1.4,Real-time Code,ProXRT,6/20/2019,02:58:10pm,New,Point_ge,june 20 2019.ssf,204,204,Generic,2058,413906.000,-33.47376,0.09421,0.03325,0.018740,185
186,-74.850846412,22.954579414,-34.02304,b1129 gcp a,2.1,1.3,Real-time Code,ProXRT,6/20/2019,03:08:18pm,New,Point_ge,june 20 2019.ssf,641,641,Generic,2058,414514.000,-34.02304,0.08587,0.02746,0.025631,186
187,-74.850834896,22.954597422,-34.06281,b1129 sample y,1.6,0.9,Real-time Code,ProXRT,6/20/2019,03:20:37pm,New,Point_ge,june 20 2019.ssf,239,239,Generic,2058,415253.000,-34.06281,0.08177,0.03231,0.033697,187
188,-74.340486125,22.803236577,-33.70895,b1101 gcp b,2.5,1.0,Real-time Code,ProXRT,6/5/2019,05:03:26pm,New,Point_ge,june5.ssf,1063,1063,Generic,2056,335022.000,-33.70895,0.05275,0.06146,0.066928,188
189,-74.340168763,22.803010707,-35.18233,b1101 gcp e,2.6,1.0,Real-time Code,ProXRT,6/5/2019,05:23:21pm,New,Point_ge,june5.ssf,475,475,Generic,2056,336217.000,-35.18233,0.04554,0.04746,0.019569,189
190,-74.339815385,22.802865703,-34.02892,b1101 gcp a,2.6,1.0,Real-time Code,ProXRT,6/5/2019,05:35:33pm,New,Point_ge,june5.ssf,290,290,Generic,2056,336949.000,-34.02892,0.04668,0.04243,0.014969,190
191,-74.339504161,22.802762610,-33.31151,b1101 gcp g,2.6,1.0,Real-time Code,ProXRT,6/5/2019,05:42:15pm,New,Point_ge,june5.ssf,378,378,Generic,2056,337351.000,-33.31151,0.04618,0.03863,0.014890,191
192,-74.339634836,22.802768005,-33.69158,b1101 beach to swash sl interp,2.5,1.0,Real-time Code,ProXRT,6/5/2019,05:49:59pm,New,Point_ge,june5.ssf,147,147,Generic,2056,337815.000,-33.69158,0.05149,0.03734,0.010035,192
193,-74.340611691,22.803602620,-35.15799,b1101 gcp c,3.5,1.3,Real-time Code,ProXRT,6/5/2019,05:57:59pm,New,Point_ge,june5.ssf,333,333,Generic,2056,338295.000,-35.15799,0.05060,0.03415,0.021027,193
194,-74.340708566,22.804137647,-34.66061,b1101 gcp d,3.7,1.3,Real-time Code,ProXRT,6/5/2019,06:06:22pm,New,Point_ge,june5.ssf,286,286,Generic,2056,338798.000,-34.66061,0.05165,0.03169,0.018969,194
195,-74.340870186,22.804707358,-34.90549,b1101 gcp f,2.4,1.3,Real-time Code,ProXRT,6/5/2019,06:13:46pm,New,Point_ge,june5.ssf,590,590,Generic,2056,339242.000,-34.90549,0.04670,0.02667,0.026431,195
196,-74.340568726,22.804720944,-33.92180,landrail tide guage +2.37,1.8,0.8,Real-time Code,ProXRT,6/6/2019,08:04:47am,New,Point_ge,june6.ssf,75,75,Generic,2056,389103.000,-33.92180,0.22133,0.49069,0.157975,196
197,-74.340567750,22.804719506,-34.02343,landrail tide guage 2 +2.37,1.8,0.8,Real-time Code,ProXRT,6/6/2019,08:06:14am,New,Point_ge,june6.ssf,458,458,Generic,2056,389190.000,-34.02343,0.14222,0.25214,0.092530,197
198,-74.153044189,22.742268219,-27.18620,b1102 gcp a 2.4 m ab0ve cave flr,2.7,0.9,Real-time Code,ProXRT,6/6/2019,02:14:19pm,New,Point_ge,june6.ssf,1482,1482,Generic,2056,411275.000,-27.18620,0.13239,0.09755,0.082803,198
199,-74.153044152,22.742268263,-27.17538,b1102 gcp a again,2.0,0.9,Real-time Code,ProXRT,6/6/2019,02:39:06pm,New,Point_ge,june6.ssf,99,99,Generic,2056,412762.000,-27.17538,0.08659,0.06707,0.007515,199
