,rank,loo,p_loo,d_loo,weight,se,dse,warning,loo_scale
output48Cp330_ICE6G_Wael_S,0,-44.29743100205985,55.62584965866716,0.0,0.28754372314282334,2.258715837617349e-11,0.0,True,log
output48Cp310_ICE6G_Wael_S,1,-44.779667537861634,57.760795428432125,0.48223653580178194,0.17752978423892607,5.7706028695790086e-12,0.0,True,log
output71Cp530_ICE6G_Wael_S,2,-46.711989941984235,57.42553623138875,2.414558939924383,0.025708353789168796,5.4982792276684964e-11,0.0,True,log
output48Cp320_ICE6G_Wael_S,3,-46.721971459904765,58.398857267288484,2.4245404578449126,0.02545302181533914,4.571731501358169e-11,0.0,True,log
output_new71Cp410_L6G_Glac_Wael_T,4,-46.74991300659301,56.126552167808924,2.4524820045331595,0.024751669087910096,5.817824392803932e-11,0.0,True,log
output96Cp510_ICE6G_Wael_S,5,-46.811114399925366,53.52164202090023,2.5136833978655133,0.023282256137836854,1.9773409161720463e-11,0.0,True,log
output96Cp530_ICE6G_Wael_S,6,-46.85266342688189,56.28280806475158,2.5552324248220373,0.022334721920768658,1.3490381237153493e-12,0.0,True,log
output71Cp57_ICE6G_Wael_S,7,-47.17849448447278,56.2509825657853,2.8810634824129266,0.01612404194668202,7.227215371684286e-12,0.0,True,log
output71Cp420_ICE6G_Wael_S,8,-47.24605250424343,59.37128698361289,2.9486215021835775,0.015070714551152787,1.4389485938725656e-11,0.0,True,log
output71Cp320_ICE6G_Wael_S,9,-47.276181414582574,64.62301694950986,2.9787504125227215,0.014623422391726577,3.435985639882178e-11,0.0,True,log
output96Cp520_ICE6G_Wael_S,10,-47.33021616085762,53.93409847952183,3.032785158797765,0.013854218489996285,1.9488839935846178e-12,0.0,True,log
output48Cp510_ICE6G_Wael_S,11,-47.37139099848153,56.82185379807146,3.073959996421678,0.013295357747394917,1.6327276925741937e-11,0.0,True,log
output71Cp520_ICE6G_Wael_S,12,-47.43087110538791,56.74609817144958,3.1334401033280557,0.012527607711787911,6.574040928704303e-11,0.0,True,log
output71Cp45_ICE6G_Wael_S,13,-47.4642678775153,59.31910158522477,3.166836875455445,0.012116135221967942,1.7217445992341715e-11,0.0,True,log
output48Cp520_ICE6G_Wael_S,14,-47.54280195535301,56.968251219529186,3.245370953293161,0.011201010258406594,6.843522317963285e-12,0.0,True,log
output_new96Cp57_L6G-47_Glac_Wael_T,15,-47.58561626752423,55.27642897714435,3.288185265464378,0.010731567843322411,2.827860566251698e-11,0.0,True,log
output48Cp53_ICE6G_Wael_S,16,-47.62617092361392,54.692280524564524,3.3287399215540674,0.010305059699863173,3.3312234474086376e-11,0.0,True,log
output48Cp33_ICE6G_Wael_S,17,-47.64465940303354,62.77405691164087,3.347228400973691,0.010116285269032368,7.089184411794263e-11,0.0,True,log
output_new96Cp530_L6G-32_Glac_Wael_T,18,-47.680604252642894,66.48065957415938,3.3831732505830416,0.009759114595013984,2.6600729827576827e-11,0.0,True,log
output48Cp530_ICE6G_Wael_S,19,-47.844193480145805,70.65678541307257,3.5467624780859524,0.00828637376859522,8.5042015763459e-12,0.0,True,log
output_new71Cp47_L6G_Glac_Wael_T,20,-47.96005581131354,60.08364602574508,3.6626248092536855,0.007379826434070677,3.596156326963923e-11,0.0,True,log
output96Cp55_ICE6G_Wael_S,21,-48.05485726393,66.15757769500034,3.757426261870151,0.006712347006844939,7.857607716227572e-12,0.0,True,log
output_new71Cp53_L6G_Glac_Wael_T,22,-48.09257427262831,55.210468084773176,3.7951432705684596,0.006463892293743929,3.0756557062369424e-12,0.0,True,log
output_new96Cp515_L6G-32_Glac_Wael_T,23,-48.10034564195642,57.28282949194531,3.8029146398965707,0.006413853685518531,1.7911787210011904e-11,0.0,True,log
output71Cp43_ICE6G_Wael_S,24,-48.149982585397275,60.97114601355525,3.852551583337423,0.00610326177713339,5.714085153477847e-11,0.0,True,log
output71Cp430_ICE6G_Wael_S,25,-48.165134511324716,63.69063225738468,3.8677035092648637,0.00601148267772512,6.541867439964996e-11,0.0,True,log
output71Cp35_ICE6G_Wael_S,26,-48.16841740869022,58.01658990548035,3.870986406630365,0.00599177995578214,6.146393749766734e-11,0.0,True,log
output71Cp310_ICE6G_Wael_S,27,-48.2219281557794,58.59087593161449,3.9244971537195497,0.005679582777961223,4.078714398736763e-11,0.0,True,log
output_new71Cp540_L6G-32_Glac_Wael_T,28,-48.23133184711032,59.63220740345545,3.9339008450504664,0.0056264240703918274,1.6071481543832502e-11,0.0,True,log
output71Cp315_ICE6G_Wael_S,29,-48.24006159909053,54.01191733184777,3.9426305970306785,0.005577520552094458,1.955214605367507e-11,0.0,True,log
output71Cp330_ICE6G_Wael_S,30,-48.29608705755469,63.91367623821428,3.998656055494841,0.0052736297030200035,3.146894253517846e-11,0.0,True,log
output96Cp540_ICE6G_Wael_S,31,-48.341951233377756,54.80925543812923,4.044520231317904,0.00503722178947885,7.06179989578636e-12,0.0,True,log
output_new96Cp520_L6G-32_Glac_Wael_T,32,-48.39322850369619,64.60406056857879,4.095797501636341,0.004785437381570555,1.865785707577167e-11,0.0,True,log
output48Cp37_ICE6G_Wael_S,33,-48.41860149381457,63.907969686556584,4.121170491754718,0.004665543985253921,5.012978539679741e-11,0.0,True,log
output_new96Cp320_L6G-32_Glac_Wael_T,34,-48.442858454277136,55.69387529612459,4.145427452217284,0.004553733641190154,8.406716254014321e-12,0.0,True,log
output_new96Cp510_L6G-32_Glac_Wael_T,35,-48.48430774931737,70.10318486735098,4.186876747257514,0.004368842858383978,3.662748278318792e-11,0.0,True,log
output_new71Cp37_L6G_Glac_Wael_T,36,-48.50805598834891,60.255949647838214,4.210624986289055,0.00426631280666557,3.428468241738109e-11,0.0,True,log
output_new71Cp57_L6G-47_Glac_Wael_T,37,-48.571107945675074,57.16974102783158,4.2736769436152215,0.004005618439910547,5.326128820140455e-11,0.0,True,log
output96Cp47_ICE6G_Wael_S,38,-48.63221885096952,60.295679300702595,4.33478784890967,0.0037681609857636517,9.63595514073694e-12,0.0,True,log
output71Cp37_ICE6G_Wael_S,39,-48.63824011096153,63.261189780569794,4.340809108901681,0.003745540080300171,1.3366304415407467e-11,0.0,True,log
output_new96Cp55_L6G_Glac_Wael_T,40,-48.646530535070234,67.18383745157278,4.349099533010381,0.0037146163271493397,4.891987209097697e-11,0.0,True,log
output_new96Cp510_L6G_Glac_Wael_T,41,-48.661831358318736,57.56825070880685,4.364400356258884,0.003658212254085107,5.1029188864117794e-11,0.0,True,log
output_new71Cp33_Lambeck_Glac_Wael_T,42,-48.70051963413066,62.34973676013258,4.403088632070805,0.003519385136068684,6.848409970669182e-11,0.0,True,log
output_new71Cp57_L6G_Glac_Wael_T,43,-48.720617560847415,60.629468098312884,4.423186558787563,0.0034493588403021135,4.775046275432956e-11,0.0,True,log
output_new71Cp35_L6G-47_Glac_Wael_T,44,-48.72897774351479,64.61274343728428,4.431546741454937,0.003420641777521775,1.4074856483186543e-11,0.0,True,log
output71Cp410_ICE6G_Wael_S,45,-48.72923005636438,57.779672972784695,4.431799054304527,0.0034197788145214412,4.4665711766222705e-11,0.0,True,log
output96Cp415_ICE6G_Wael_S,46,-48.78721048347198,62.948408282799136,4.489779481412128,0.003227137262360009,3.5135343041617383e-11,0.0,True,log
output_new96Cp430_L6G-32_Glac_Wael_T,47,-48.82985862652808,56.58131509713855,4.532427624468227,0.0030923994317331926,3.038081712492827e-11,0.0,True,log
output_new96Cp440_L6G-32_Glac_Wael_T,48,-48.84045294322529,54.82231490766996,4.543021941165435,0.0030598105063118133,5.432198753310083e-11,0.0,True,log
output_new96Cp47_L6G_Glac_Wael_T,49,-48.95424323241137,59.72773185734431,4.65681223035152,0.00273071286772758,9.115268305129464e-12,0.0,True,log
output_new96Cp37_L6G-47_Glac_Wael_T,50,-48.96376002793084,56.87603767582925,4.666329025870986,0.002704848499901264,2.5630271925771133e-11,0.0,True,log
output_new96Cp53_L6G_Glac_Wael_T,51,-48.99889410328976,56.41536593640862,4.701463101229905,0.0026114662049144806,3.345334741874582e-11,0.0,True,log
output96Cp37_ICE6G_Wael_S,52,-49.02386479895342,62.609738359659104,4.726433796893566,0.0025470635134928264,2.713662251899685e-11,0.0,True,log
output_new71Cp53_L6G-32_Glac_Wael_S,53,-49.023885058770496,54.81955724810326,4.726454056710644,0.0025470119109769597,3.6975648722928655e-11,0.0,True,log
output_new71Cp53_Lambeck_Glac_Wael_T,54,-49.02635350376529,67.6757804240514,4.728922501705441,0.0025407325055481836,5.225942294507731e-11,0.0,True,log
output_new71Cp53_L6G-47_Glac_Wael_T,55,-49.05691548708221,56.25820214543498,4.759484485022355,0.0024642572512758526,5.87354534015413e-11,0.0,True,log
output96Cp57_ICE6G_Wael_S,56,-49.066632871138864,60.22033462363984,4.769201869079012,0.0024404270880900815,1.6812436637212974e-11,0.0,True,log
output_new96Cp37_Lambeck_Glac_Wael_T,57,-49.10145089363886,60.55296813665202,4.80401989157901,0.002356918481353694,2.7724382330773664e-11,0.0,True,log
output71Cp440_ICE6G_Wael_S,58,-49.10275833594615,58.22028900050667,4.8053273338862965,0.0023538389600040667,6.160206473131863e-11,0.0,True,log
output96Cp43_ICE6G_Wael_S,59,-49.12966386348269,57.282231904568,4.832232861422838,0.0022913520719070367,3.1854626267847487e-11,0.0,True,log
output_new71Cp430_L6G-32_Glac_Wael_T,60,-49.18366074377311,62.73777706578312,4.886229741713258,0.0021709072928114866,6.091383345836846e-11,0.0,True,log
output71Cp515_ICE6G_Wael_S,61,-49.22542531035251,66.48204360692624,4.927994308292661,0.0020821075395041667,5.282075170570944e-11,0.0,True,log
output_new71Cp55_Lambeck_Glac_Wael_T,62,-49.31280915319874,55.00536793719402,5.01537815113889,0.0019078878224500048,5.438593637925341e-11,0.0,True,log
output_new96Cp33_L6G-32_Glac_Wael_S,63,-49.330022485783324,61.31286578949104,5.032591483723472,0.0018753277524393573,1.573241169127393e-11,0.0,True,log
output96Cp440_ICE6G_Wael_S,64,-49.354555954864075,61.871464238828736,5.057124952804223,0.0018298792413939358,4.86622303656666e-12,0.0,True,log
output_new96Cp410_L6G-47_Glac_Wael_T,65,-49.40838713571704,59.5392675029391,5.11095613365719,0.0017339790484719292,1.0311595258798989e-10,0.0,True,log
output_new96Cp540_L6G-32_Glac_Wael_T,66,-49.43496678384817,62.927019263118815,5.137535781788316,0.001688497613372352,2.997168802408026e-11,0.0,True,log
output71Cp340_ICE6G_Wael_S,67,-49.444487115159276,56.95471167499425,5.147056113099424,0.001672498834352605,9.072635742551413e-12,0.0,True,log
output71Cp510_ICE6G_Wael_S,68,-49.49169956642956,65.22703736568538,5.1942685643697075,0.0015953710857189616,5.5238587661302504e-11,0.0,True,log
output_new71Cp43_Lambeck_Glac_Wael_T,69,-49.512273011464686,56.47513557197401,5.214842009404833,0.0015628841364889923,3.780698372195966e-11,0.0,True,log
output_new96Cp43_L6G-47_Glac_Wael_T,70,-49.53069949356185,64.97334820150385,5.233268491501995,0.0015343493848464485,3.5251020535583506e-11,0.0,True,log
output71Cp415_ICE6G_Wael_S,71,-49.5572412267268,58.93341546238083,5.25981022466695,0.0014941607896333602,1.6710969998776242e-11,0.0,True,log
output71Cp55_ICE6G_Wael_S,72,-49.62075965766654,57.00720488177571,5.323328655606687,0.0014022053869444115,3.821199308049045e-11,0.0,True,log
output96Cp53_ICE6G_Wael_S,73,-49.633956357855254,55.92677907396257,5.336525355795402,0.001383822466579079,2.281838842654003e-12,0.0,True,log
output_new71Cp320_L6G-32_Glac_Wael_T,74,-49.64683705826042,56.76826596839962,5.349406056200564,0.0013661121693515782,5.162703991096355e-11,0.0,True,log
output96Cp320_ICE6G_Wael_S,75,-49.69581065012176,62.097908515860134,5.398379648061905,0.001300820580505132,8.590660755150987e-11,0.0,True,log
output_new96Cp330_L6G_Glac_Wael_T,76,-49.69612800168883,54.77088002817388,5.398696999628974,0.0013004078285523122,9.043588888551131e-11,0.0,True,log
output96Cp420_ICE6G_Wael_S,77,-49.705441625034496,58.969359222412294,5.408010622974643,0.0012883525461635846,1.3868799093026003e-11,0.0,True,log
output96Cp410_ICE6G_Wael_S,78,-49.71985448471049,60.408013941618925,5.422423482650636,0.0012699168762036735,1.862943536658991e-11,0.0,True,log
output71Cp33_ICE6G_Wael_S,79,-49.79536304172147,56.850205832651206,5.49793203966162,0.0011775581023466177,2.675704922677273e-11,0.0,True,log
output_new71Cp55_L6G-47_Glac_Wael_T,80,-49.79890265555368,62.40197746006683,5.50147165349383,0.0011733973694351516,7.083301004258895e-11,0.0,True,log
output_new96Cp53_L6G_Glac_Wael_S,81,-49.802917881406685,61.909877869479146,5.505486879346833,0.0011686953601142116,6.883937107365527e-11,0.0,True,log
output_new71Cp340_L6G-32_Glac_Wael_T,82,-49.817360306787194,55.33139557634197,5.5199293047273414,0.0011519378652948599,1.5693060554239554e-12,0.0,True,log
output_new96Cp45_L6G_Glac_Wael_S,83,-49.817457942397525,58.99173562411831,5.520026940337672,0.0011518254006277677,5.641908409146547e-11,0.0,True,log
output_new71Cp35_L6G_Glac_Wael_T,84,-49.83389453353872,59.343641336933146,5.536463531478866,0.0011330480579449418,4.779721456993598e-11,0.0,True,log
output_new96Cp520_L6G_Glac_Wael_T,85,-49.84398620909197,53.010030170296716,5.546555207032121,0.0011216712068582153,1.2925767926989725e-11,0.0,True,log
output_new96Cp440_L6G_Glac_Wael_T,86,-49.87978762223165,60.90609442454739,5.582356620171801,0.0010822241363278192,5.976660244782026e-12,0.0,True,log
output48Cp530_ICE6G_Wael_T,87,-49.94195424225053,50.80154594940656,5.644523240190679,0.0010169944796504418,5.6082142859500515e-11,0.0,True,log
output48Cp55_ICE6G_Wael_S,88,-49.980487298656016,57.97206852761818,5.683056296596163,0.0009785519839197925,5.406235453327544e-12,0.0,True,log
output_new96Cp35_L6G-47_Glac_Wael_T,89,-50.01357339087625,52.88654994891239,5.716142388816401,0.0009467052695365089,8.099192234842927e-12,0.0,True,log
output_new71Cp33_L6G_Glac_Wael_S,90,-50.05551932406541,62.489935663093746,5.758088322005555,0.0009078161554659602,2.3677275125758953e-11,0.0,True,log
output_new71Cp37_L6G-47_Glac_Wael_T,91,-50.07892941150877,54.7576833153933,5.781498409448915,0.0008868109262961568,6.504919217731872e-11,0.0,True,log
output_new71Cp310_L6G_Glac_Wael_T,92,-50.091708404927346,64.90468646543961,5.794277402867493,0.0008755504771466384,2.3200215781898286e-11,0.0,True,log
output_new71Cp530_L6G-32_Glac_Wael_T,93,-50.10985438272865,57.3646768068558,5.812423380668797,0.0008598060387591252,1.8283260085686452e-11,0.0,True,log
output_new96Cp43_L6G_Glac_Wael_S,94,-50.182307862048766,59.99475321278333,5.884876859988914,0.0007997133477649846,1.7165717344842214e-11,0.0,True,log
output_new71Cp57_L6G-32_Glac_Wael_S,95,-50.20799818200234,71.74004863024052,5.91056717994249,0.0007794301129380476,4.4993556955188055e-11,0.0,True,log
output_new96Cp410_L6G_Glac_Wael_T,96,-50.208185579541365,59.659211564992646,5.910754577481512,0.0007792840633390084,2.566055789358898e-12,0.0,True,log
output_new96Cp515_L6G_Glac_Wael_T,97,-50.230056489377716,54.2490038997256,5.932625487317864,0.0007624254405649563,4.469114769494103e-11,0.0,True,log
output_new71Cp330_L6G-32_Glac_Wael_T,98,-50.23630842641078,57.67299424163731,5.9388774243509275,0.0007576736740682437,4.688971052592282e-11,0.0,True,log
output_new96Cp315_L6G-32_Glac_Wael_T,99,-50.24626722417745,56.23121439500092,5.948836222117599,0.0007501656029090141,4.303657824738066e-11,0.0,True,log
output_new96Cp510_L6G-47_Glac_Wael_T,100,-50.26720335287712,57.35695562852627,5.969772350817266,0.0007346233047828518,2.1871500873989333e-11,0.0,True,log
output_new96Cp57_Lambeck_Glac_Wael_T,101,-50.27081274337476,54.89843265602041,5.97338174131491,0.0007319765418814241,3.4105056077379685e-11,0.0,True,log
output_new71Cp340_L6G_Glac_Wael_T,102,-50.28250347389031,56.089181013377825,5.985072471830456,0.0007234690278086947,4.6617713630183854e-11,0.0,True,log
output_new71Cp415_L6G_Glac_Wael_T,103,-50.290772165632,57.64180123953609,5.993341163572147,0.000717511549652235,1.6220695516601645e-11,0.0,True,log
output_new96Cp53_L6G-47_Glac_Wael_T,104,-50.293744533262355,61.85618663675348,5.996313531202503,0.0007153820080059061,2.6803663103184802e-11,0.0,True,log
output71Cp540_ICE6G_Wael_S,105,-50.2987062585792,59.30637874009742,6.0012752565193495,0.0007118412703332299,4.5911020635942086e-12,0.0,True,log
output_new96Cp420_L6G_Glac_Wael_T,106,-50.2997234415447,53.804917373613414,6.002292439484847,0.0007111175656506541,2.2317152138213416e-11,0.0,True,log
output_new96Cp410_L6G-32_Glac_Wael_T,107,-50.306473424213614,56.5248521171315,6.009042422153762,0.0007063336980833205,5.2269514531741335e-11,0.0,True,log
output96Cp33_ICE6G_Wael_S,108,-50.32703045112805,57.575828634850325,6.029599449068201,0.0006919618050531412,2.2715056067852303e-11,0.0,True,log
output_new71Cp410_L6G-47_Glac_Wael_T,109,-50.32752065113286,60.65347223690581,6.030089649073005,0.0006916226884969804,1.4602648756368944e-11,0.0,True,log
output_new96Cp57_L6G_Glac_Wael_T,110,-50.361916144004255,61.75867936307897,6.064485141944402,0.0006682384468522478,2.832322888302168e-11,0.0,True,log
output_new96Cp45_L6G_Glac_Wael_T,111,-50.41795123690497,66.69780029750464,6.120520234845117,0.0006318234306987977,1.7327307018959285e-12,0.0,True,log
output71Cp53_ICE6G_Wael_S,112,-50.417977248569336,62.68510716080071,6.120546246509484,0.0006318069961332576,1.926892382335698e-11,0.0,True,log
output_new96Cp420_L6G-32_Glac_Wael_T,113,-50.41876045175161,73.81881474844414,6.121329449691757,0.000631312356610361,3.4199417289311e-11,0.0,True,log
output_new71Cp45_L6G-47_Glac_Wael_T,114,-50.4196032390833,67.51955384128482,6.122172237023449,0.0006307805186984942,6.19319002262133e-11,0.0,True,log
output_new96Cp53_Lambeck_Glac_Wael_T,115,-50.44948185562006,73.15520329213214,6.152050853560205,0.0006122124449774562,1.0907826600952009e-11,0.0,True,log
output_new71Cp320_L6G_Glac_Wael_T,116,-50.50720399424271,67.31392860726203,6.209772992182856,0.0005778747883020647,4.598021582543263e-11,0.0,True,log
output_new96Cp47_L6G-32_Glac_Wael_T,117,-50.51806847467001,47.022869959794924,6.220637472610157,0.0005716304610816735,1.4524489056555891e-11,0.0,True,log
output_new96Cp55_L6G-47_Glac_Wael_T,118,-50.56091208789598,62.97237157925791,6.263481085836126,0.0005476569691895458,2.9204301872125233e-11,0.0,True,log
output_new71Cp47_L6G-47_Glac_Wael_T,119,-50.57779897443772,58.50297958638125,6.280367972377867,0.0005384863972190033,4.31910520918664e-12,0.0,True,log
output_new96Cp45_Lambeck_Glac_Wael_T,120,-50.58247239641205,62.07793120204052,6.2850413943521986,0.0005359756944143656,4.1480489658716595e-11,0.0,True,log
output96Cp340_ICE6G_Wael_S,121,-50.58787996567789,56.34501745483169,6.29044896361804,0.0005330851910631654,2.0549891394416823e-11,0.0,True,log
output_new96Cp35_Lambeck_Glac_Wael_T,122,-50.58853742622755,64.09944519606022,6.291106424167701,0.0005327348237704977,4.281830065618372e-11,0.0,True,log
output_new96Cp37_L6G-32_Glac_Wael_T,123,-50.606335233641225,54.826884062515894,6.308904231581373,0.0005233371886898187,2.4014354318656147e-11,0.0,True,log
output_new71Cp510_L6G-32_Glac_Wael_T,124,-50.64217742578047,55.21260875962533,6.344746423720615,0.0005049118120546565,2.6083028618069705e-11,0.0,True,log
output_new96Cp33_Lambeck_Glac_Wael_S,125,-50.645777755520484,61.618824621835856,6.348346753460632,0.0005030972315464864,1.2890240790850095e-11,0.0,True,log
output_new71Cp520_L6G-32_Glac_Wael_T,126,-50.65925396769197,63.67092864297612,6.361822965632115,0.0004963628653025307,3.714916520947925e-11,0.0,True,log
output_new96Cp47_Lambeck_Glac_Wael_T,127,-50.662930626431844,61.50068915492399,6.365499624371992,0.0004945412592005131,4.199407108409585e-11,0.0,True,log
output_new71Cp37_Lambeck_Glac_Wael_T,128,-50.73407438221133,63.88460851751165,6.43664338015148,0.0004605801212161923,1.0586091721803906e-11,0.0,True,log
output96Cp515_ICE6G_Wael_S,129,-50.78869244124056,60.75797902491616,6.491261439180711,0.00043609877635838806,6.594447602374182e-11,0.0,True,log
output_new96Cp310_Lambeck_Glac_Wael_T,130,-50.805124613033485,57.03201328272321,6.507693610973632,0.0004289912820580026,4.82113200126589e-11,0.0,True,log
output48Cp57_ICE6G_Wael_T,131,-50.82919162859534,51.832011379302415,6.531760626535487,0.00041878999189739894,2.583632931819535e-11,0.0,True,log
output_new96Cp35_L6G_Glac_Wael_T,132,-50.83599824278243,65.0492751570169,6.538567240722578,0.000415949129292359,2.215899379561854e-12,0.0,True,log
output_new71Cp440_L6G-32_Glac_Wael_T,133,-50.845755794531605,60.37538814123868,6.548324792471753,0.00041191022111169756,1.3470895167476655e-11,0.0,True,log
output_new96Cp340_L6G-32_Glac_Wael_T,134,-50.84944501608221,71.01225157293554,6.552014014022355,0.000410393392725556,3.430400804287542e-11,0.0,True,log
output_new71Cp515_L6G-32_Glac_Wael_T,135,-50.85052371030708,56.94080980277787,6.5530927082472274,0.0004099509424196346,3.4744544537922765e-11,0.0,True,log
output48Cp35_ICE6G_Wael_S,136,-50.86776064432794,61.654780045929016,6.570329642268085,0.0004029451973131598,1.5552785353037693e-11,0.0,True,log
output_new71Cp515_L6G_Glac_Wael_T,137,-50.88225812537303,64.9261499708555,6.584827123313175,0.0003971456479589893,1.8529959384459747e-11,0.0,True,log
output_new96Cp330_L6G-32_Glac_Wael_T,138,-50.90405553907551,66.46468526077398,6.606624537015655,0.00038858256553837877,2.6007855253018754e-11,0.0,True,log
output48Cp57_ICE6G_Wael_S,139,-50.91121788340229,63.372886206960224,6.613786881342435,0.000385809346634445,5.147271116580143e-11,0.0,True,log
output_new71Cp45_L6G_Glac_Wael_T,140,-50.92436221801175,61.3375516134693,6.626931215951899,0.00038077132275895847,4.691202233068519e-11,0.0,True,log
output_new96Cp55_Lambeck_Glac_Wael_T,141,-50.93544917983202,59.84331508274576,6.638018177772167,0.0003765730417365493,1.285471365471405e-11,0.0,True,log
output_new96Cp55_L6G-32_Glac_Wael_T,142,-50.949134966828446,48.161922626517175,6.651703964768593,0.00037145444917518767,6.059309404982708e-11,0.0,True,log
output_new71Cp410_Lambeck_Glac_Wael_T,143,-50.98781510844198,61.557753506940216,6.690384106382126,0.0003573608665009833,2.584144408900115e-11,0.0,True,log
output_new96Cp57_L6G-32_Glac_Wael_T,144,-50.99239046446449,53.39048679795161,6.69495946240464,0.00035572954808544063,1.8276154658393514e-11,0.0,True,log
output_new96Cp315_L6G-47_Glac_Wael_T,145,-51.00228733187393,55.70095323214238,6.704856329814078,0.00035222630408031743,4.925681334635116e-11,0.0,True,log
output_new96Cp53_L6G-32_Glac_Wael_S,146,-51.043536148032075,70.09355829201708,6.746105145972223,0.0003379929584173428,5.7219011235639395e-11,0.0,True,log
output_new71Cp420_L6G-47_Glac_Wael_T,147,-51.066213044034214,50.66287454871712,6.768782041974362,0.00033041457906653334,9.10304810739059e-12,0.0,True,log
output_new96Cp315_L6G_Glac_Wael_T,148,-51.07796302438484,56.94871149587587,6.780532022324991,0.0003265549340376526,2.0976217032865497e-11,0.0,True,log
output_new96Cp320_L6G_Glac_Wael_T,149,-51.078887565532135,56.367231133839574,6.7814565634722825,0.0003262531600864881,8.449973293706219e-11,0.0,True,log
output_new96Cp430_L6G_Glac_Wael_T,150,-51.11924665312603,62.21278315342995,6.821815651066174,0.00031334805109928216,3.019195627142572e-11,0.0,True,log
output_new71Cp340_L6G-47_Glac_Wael_T,151,-51.146388534301465,58.38587314240858,6.848957532241613,0.0003049575772383232,1.2298499674990899e-11,0.0,True,log
output96Cp315_ICE6G_Wael_S,152,-51.18385144170152,60.70736889324078,6.886420439641668,0.00029374433157653,2.3375860808324978e-11,0.0,True,log
output_new96Cp43_L6G-32_Glac_Wael_S,153,-51.18481260208671,64.56794498739983,6.887381600026856,0.00029346213180262717,2.9033766683007136e-13,0.0,True,log
output_new71Cp53_L6G-47_Glac_Wael_S,154,-51.189386322035595,58.01195037938604,6.891955319975743,0.00029212298297664883,5.169709903265281e-11,0.0,True,log
output_new96Cp33_Lambeck_Glac_Wael_T,155,-51.19327498014059,60.99389479967857,6.895843978080741,0.000290989222403324,8.841794751902215e-11,0.0,True,log
output71Cp47_ICE6G_Wael_S,156,-51.218742252028754,65.8376995499643,6.921311249968902,0.0002836720899369691,2.436962567915231e-11,0.0,True,log
output_new96Cp37_L6G_Glac_Wael_T,157,-51.22057789552596,63.976219818864166,6.923146893466111,0.0002831518467462913,1.4224070455429817e-11,0.0,True,log
output_new71Cp420_L6G_Glac_Wael_T,158,-51.3038528748161,60.49996368827131,7.006421872756249,0.00026052747747898255,2.1332484154215135e-11,0.0,True,log
output96Cp35_ICE6G_Wael_S,159,-51.365329380228644,54.58348290311283,7.067898378168792,0.000244993536847813,5.0866759184580576e-11,0.0,True,log
output48Cp55_ICE6G_Wael_T,160,-51.43402925048923,48.957934636372435,7.1365982484293795,0.00022872764205366774,2.0185523945321673e-11,0.0,True,log
output_new71Cp45_Lambeck_Glac_Wael_T,161,-51.45206920968729,61.80789543767432,7.1546382076274355,0.00022463840049861595,3.0754280655718834e-11,0.0,True,log
output_new71Cp55_L6G_Glac_Wael_T,162,-51.45416198468285,69.55732267225501,7.156730982622996,0.000224168774453304,2.150002799726769e-11,0.0,True,log
output_new71Cp415_L6G-32_Glac_Wael_T,163,-51.46448382910839,47.388346338729384,7.167052827048536,0.0002218668397815003,3.476074604912568e-11,0.0,True,log
output_new71Cp43_L6G-32_Glac_Wael_S,164,-51.4755303147354,54.94703712400971,7.178099312675549,0.0002194294778514221,3.806476976281711e-11,0.0,True,log
output_new71Cp57_L6G-32_Glac_Wael_T,165,-51.48446048318509,44.82108794849823,7.187029481125236,0.00021747865918557647,3.7153284406475485e-11,0.0,True,log
output_new96Cp415_L6G_Glac_Wael_T,166,-51.48630731660523,55.59085601853149,7.188876314545375,0.00021707738298865187,6.470301689357489e-11,0.0,True,log
output_new71Cp33_L6G-32_Glac_Wael_S,167,-51.519266919273875,64.73474387797717,7.2218359172140225,0.00021003922330884337,5.803514020993827e-11,0.0,True,log
output_new96Cp47_L6G-47_Glac_Wael_T,168,-51.52748878049192,65.9052599912577,7.230057778432069,0.0002083193897691389,4.6662336850795586e-11,0.0,True,log
output_new71Cp33_L6G-47_Glac_Wael_T,169,-51.529259276784856,53.54606161758069,7.231828274725004,0.00020795088737393666,6.218570495435804e-11,0.0,True,log
output_new71Cp45_L6G-47_Glac_Wael_S,170,-51.53396794369367,57.84039208887184,7.2365369416338154,0.00020697401759409647,4.155680407648233e-12,0.0,True,log
output_new96Cp45_L6G-47_Glac_Wael_T,171,-51.53791369057713,71.10450257236734,7.240482688517275,0.00020615895957299923,2.2596254460005405e-11,0.0,True,log
output_new71Cp315_L6G-32_Glac_Wael_T,172,-51.563833492436785,62.87542166231103,7.266402490376933,0.00020088401822811498,4.300815653799695e-11,0.0,True,log
output96Cp430_ICE6G_Wael_S,173,-51.567307608463054,55.61582933459472,7.269876606403201,0.00020018733472135537,3.656552459363868e-11,0.0,True,log
output_new96Cp35_L6G-32_Glac_Wael_S,174,-51.581613207069296,64.89284387300006,7.284182205009444,0.00019734392191779086,2.4852794729765876e-11,0.0,True,log
output_new71Cp330_L6G_Glac_Wael_T,175,-51.58311635998805,64.02020563674839,7.285685357928195,0.00019704750665994468,1.5693060554239554e-12,0.0,True,log
output96Cp310_ICE6G_Wael_S,176,-51.590824396972586,58.08880686754863,7.293393394912734,0.0001955344958535653,5.8894044675001825e-12,0.0,True,log
output_new71Cp510_L6G_Glac_Wael_T,177,-51.673155400296515,61.89119350571933,7.375724398236663,0.00018008083076813844,2.208977846417266e-11,0.0,True,log
output_new96Cp53_L6G-47_Glac_Wael_S,178,-51.69031523018691,62.06645334843615,7.392884228127059,0.00017701703661884973,3.2655548900386655e-11,0.0,True,log
output_new71Cp45_L6G-32_Glac_Wael_S,179,-51.69697669565445,59.23585248630277,7.399545693594597,0.00017584176261194217,5.7555952464423304e-11,0.0,True,log
output_new71Cp310_L6G-32_Glac_Wael_T,180,-51.70326909432003,45.102350652310086,7.405838092260176,0.00017473877001346433,2.2608474658119363e-11,0.0,True,log
output_new71Cp510_L6G-47_Glac_Wael_T,181,-51.7190241487447,59.743356984723576,7.421593146684849,0.00017200732471662572,1.9395826656821505e-11,0.0,True,log
output71Cp420_ICE6G_Wael_T,182,-51.729562047783624,51.577308354273434,7.4321310457237715,0.0001702042459114813,7.006050911761229e-11,0.0,True,log
output_new96Cp310_L6G_Glac_Wael_T,183,-51.79447796091654,55.85479552777157,7.497046958856686,0.0001595062727910017,1.9182663843061968e-11,0.0,True,log
output_new96Cp530_L6G_Glac_Wael_T,184,-51.80447234688812,52.00984052978657,7.5070413448282665,0.00015792004542380096,1.9077077286288725e-11,0.0,True,log
output48Cp330_ICE6G_Wael_T,185,-51.83977781905181,52.30191465311032,7.542346816991959,0.0001524418773337641,3.916412034447438e-11,0.0,True,log
output_new96Cp340_L6G_Glac_Wael_T,186,-51.90496469555387,59.30950999510637,7.60753369349402,0.00014282163080477718,4.344357826263048e-11,0.0,True,log
output_new96Cp415_L6G-32_Glac_Wael_T,187,-51.91373978301581,66.53549546833247,7.616308780955954,0.00014157384124130934,5.43158776019634e-11,0.0,True,log
output_new71Cp35_L6G-32_Glac_Wael_S,188,-51.93174844888716,64.01818293477974,7.6343174468273105,0.00013904710509901063,5.379618590918547e-11,0.0,True,log
output48Cp510_ICE6G_Wael_T,189,-51.94415919068288,53.15273561983068,7.64672818862303,0.0001373320916872995,2.5595740473807818e-11,0.0,True,log
output_new71Cp53_L6G_Glac_Wael_S,190,-51.94879146579667,59.859093447380204,7.651360463736815,0.00013669740281847093,7.301338103676678e-11,0.0,True,log
output_new96Cp415_L6G-47_Glac_Wael_T,191,-51.94965411874071,62.477893078565614,7.652223116680858,0.00013657953124996135,5.600072629042748e-12,0.0,True,log
output96Cp330_ICE6G_Wael_S,192,-51.95641402280206,54.44389277509441,7.658983020742205,0.00013565938029191924,7.282068130847332e-12,0.0,True,log
output96Cp45_ICE6G_Wael_S,193,-51.965845242956355,62.121447638732676,7.668414240896503,0.00013438596119730227,3.33855644061432e-12,0.0,True,log
output_new71Cp33_L6G-47_Glac_Wael_S,194,-51.972973653199105,77.48071907644659,7.675542651139253,0.00013343140919628871,3.142830062768632e-11,0.0,True,log
output48Cp53_ICE6G_Wael_T,195,-51.97843206524555,52.24399918323684,7.681001063185697,0.00013270506971821931,2.3360655015930016e-11,0.0,True,log
output_new71Cp55_L6G-32_Glac_Wael_S,196,-51.99078872798415,61.65910087014025,7.693357725924301,0.0001310753675047205,1.3039454762660277e-11,0.0,True,log
output_new71Cp420_L6G-32_Glac_Wael_T,197,-52.03280067820346,59.7900614860543,7.7353696761436055,0.0001256827069326857,2.088896124865131e-11,0.0,True,log
output_new71Cp415_L6G-47_Glac_Wael_T,198,-52.036728216535096,56.416989157375966,7.739297214475243,0.00012519005137876982,1.1026628206499232e-11,0.0,True,log
output_new71Cp430_L6G_Glac_Wael_T,199,-52.06089136033435,58.726960117431865,7.7634603582745,0.0001222013201509359,5.519695059073143e-11,0.0,True,log
output_new71Cp35_L6G_Glac_Wael_S,200,-52.118899317488776,60.28656242111385,7.821468315428923,0.00011531435175923695,3.692834863130484e-12,0.0,True,log
output71Cp520_ICE6G_Wael_T,201,-52.14974014738061,47.41707526019871,7.85230914532076,0.00011181224300634562,1.4430127845747586e-11,0.0,True,log
output_new71Cp35_Lambeck_Glac_Wael_T,202,-52.176335010329446,69.20915837495258,7.878904008269593,0.00010887780516898946,3.415067489331905e-11,0.0,True,log
output_new96Cp330_L6G-47_Glac_Wael_T,203,-52.18520598696964,55.101475599988255,7.88777498490979,0.00010791622409022817,4.743384263923837e-11,0.0,True,log
output_new71Cp47_L6G-32_Glac_Wael_S,204,-52.19059940345279,59.29371930101247,7.893168401392934,0.00010733575371472974,3.5780941856282744e-11,0.0,True,log
output_new96Cp310_L6G-47_Glac_Wael_T,205,-52.19336387162282,58.44582496070879,7.895932869562969,0.00010703943720769116,1.1902586407717901e-11,0.0,True,log
output_new71Cp315_Lambeck_Glac_Wael_T,206,-52.20302377739877,66.91071334886742,7.905592775338917,0.0001060104244148431,2.1812666798975015e-11,0.0,True,log
output_new96Cp53_Lambeck_Glac_Wael_S,207,-52.23663500710743,65.15250797515212,7.9392040050475785,0.00010250649917002323,2.3868125949845094e-11,0.0,True,log
output_new71Cp410_L6G-32_Glac_Wael_S,208,-52.25465175186167,61.1521212280569,7.95722074980182,0.00010067620323574752,2.042909913021252e-11,0.0,True,log
output_new71Cp440_L6G_Glac_Wael_T,209,-52.26168693208184,64.1732196037078,7.964255930021984,9.997041359179787e-05,1.8652742304987264e-11,0.0,True,log
output48Cp310_ICE6G_Wael_T,210,-52.28419132166024,55.666663397119514,7.986760319600386,9.774576650842868e-05,5.548727761857181e-11,0.0,True,log
output_new96Cp33_L6G_Glac_Wael_S,211,-52.323984117954346,68.88457599921765,8.026553115894494,9.39325613416921e-05,1.0451088605719977e-11,0.0,True,log
output_new96Cp35_L6G-32_Glac_Wael_T,212,-52.39540263639269,46.4015721367819,8.097971634332836,8.74579908775072e-05,5.923283331483449e-11,0.0,True,log
output_new71Cp330_Lambeck_Glac_Wael_T,213,-52.49897854815026,56.01105315087047,8.20154754609041,7.885278729046916e-05,4.638522518423846e-11,0.0,True,log
output_new96Cp45_L6G-47_Glac_Wael_S,214,-52.55255871243429,62.071846665144,8.255127710374438,7.473903389607836e-05,8.630451148288275e-11,0.0,True,log
output71Cp515_ICE6G_Wael_T,215,-52.588662766498054,53.84291691883091,8.291231764438201,7.208878207122942e-05,1.0296759864742092e-11,0.0,True,log
output_new96Cp33_Colleoni_Glac_Wael_T,216,-52.624432464106945,63.783673245274564,8.327001462047093,6.955576090751889e-05,2.2672423503958416e-11,0.0,True,log
output_new96Cp43_L6G-47_Glac_Wael_S,217,-52.62722596999474,64.0292059328978,8.329794967934887,6.93617276227447e-05,3.614019453384069e-11,0.0,True,log
output_new96Cp420_L6G-47_Glac_Wael_T,218,-52.68797765084173,57.612565266031076,8.390546648781879,6.527333190473958e-05,4.134747719568651e-11,0.0,True,log
output_new96Cp515_L6G-47_Glac_Wael_T,219,-52.70814862364209,50.308331132168405,8.410717621582236,6.396989528804175e-05,2.7582273784186728e-11,0.0,True,log
output_new71Cp43_L6G-47_Glac_Wael_T,220,-52.72018225329237,62.993730116794865,8.422751251232519,6.320471842066748e-05,1.2499442293557444e-11,0.0,True,log
output71Cp530_ICE6G_Wael_T,221,-52.731934315911865,47.644598917487656,8.434503313852012,6.246628019689559e-05,2.394628565036288e-11,0.0,True,log
output71Cp320_ICE6G_Wael_T,222,-52.77102122781107,49.31668878240792,8.473590225751217,6.007176809866491e-05,6.246281662108755e-11,0.0,True,log
output_new71Cp320_Lambeck_Glac_Wael_T,223,-52.81685734700152,53.8317349043813,8.519426344941671,5.738046206330835e-05,5.613088568521132e-11,0.0,True,log
output48Cp520_ICE6G_Wael_T,224,-52.839208029672044,63.90869187904029,8.541777027612191,5.611219567084009e-05,2.2850059186855812e-11,0.0,True,log
output_new71Cp330_L6G-47_Glac_Wael_T,225,-52.841467488582715,64.73540023234928,8.544036486522863,5.5985555593274106e-05,1.8700489639545733e-11,0.0,True,log
output71Cp440_ICE6G_Wael_T,226,-52.85077110866124,56.903489914062824,8.55334010660139,5.546710273796849e-05,3.9562024275719133e-11,0.0,True,log
output_new96Cp410_Lambeck_Glac_Wael_T,227,-52.873113848068265,55.344962086511885,8.575682846008412,5.4241557714428084e-05,2.0663578231324335e-11,0.0,True,log
output_new71Cp320_L6G-32_Glac_Wael_S,228,-52.93325210847983,57.23131165472964,8.635821106419975,5.107571306455666e-05,6.590795369712529e-11,0.0,True,log
output_new96Cp310_L6G_Glac_Wael_S,229,-52.933666023448666,57.96638383961976,8.636235021388813,5.1054576437031425e-05,9.977015643114293e-12,0.0,True,log
output_new96Cp35_L6G-47_Glac_Wael_S,230,-52.93583740195426,62.364290309673045,8.638406399894407,5.094383789834427e-05,1.2632454754261833e-11,0.0,True,log
output_new71Cp515_L6G-47_Glac_Wael_T,231,-52.953950564598244,55.97756556133285,8.656519562538392,5.0029390644022005e-05,3.1376571979814115e-11,0.0,True,log
output96Cp410_ICE6G_Wael_T,232,-52.97837314788244,50.9259242979239,8.680942145822584,4.882234328759048e-05,4.640654146628115e-11,0.0,True,log
output_new71Cp310_Lambeck_Glac_Wael_T,233,-52.98785241812852,61.266789356073275,8.690421416068666,4.836172969099121e-05,6.172996242334635e-11,0.0,True,log
output_new96Cp320_L6G-47_Glac_Wael_T,234,-53.02661345209723,63.781453408644694,8.729182450037378,4.652304392481921e-05,3.1321719217651535e-11,0.0,True,log
output_new96Cp33_L6G-47_Glac_Wael_S,235,-53.03124173444701,64.30874004127969,8.733810732387155,4.630821965889704e-05,6.62916467733676e-11,0.0,True,log
output_new71Cp320_L6G-47_Glac_Wael_T,236,-53.043214340334494,61.035549400836246,8.745783338274641,4.575709537579803e-05,1.4709230165224114e-11,0.0,True,log
output_new71Cp45_L6G_Glac_Wael_S,237,-53.044528671708385,62.36509596794993,8.747097669648532,4.569699489435689e-05,2.472788265568531e-11,0.0,True,log
output_new96Cp43_Lambeck_Glac_Wael_T,238,-53.0611069358595,61.31552449041621,8.763675933799647,4.4945663138139525e-05,1.9844463434745852e-11,0.0,True,log
output_new71Cp315_L6G-47_Glac_Wael_T,239,-53.13501394407797,60.57806692754756,8.837582942018116,4.1743646752863365e-05,2.2960496891213947e-12,0.0,True,log
output_new96Cp320_Lambeck_Glac_Wael_T,240,-53.167939049865154,51.15403059924445,8.870508047805302,4.039161283603165e-05,4.897671550976563e-11,0.0,True,log
output_new71Cp43_L6G-47_Glac_Wael_S,241,-53.223317155028596,62.71644829310393,8.925886152968744,3.8215609399915586e-05,6.00347511232854e-11,0.0,True,log
output96Cp430_ICE6G_Wael_T,242,-53.22486898714482,47.7917820670032,8.927437985084971,3.81563511812602e-05,6.821011215475937e-11,0.0,True,log
output71Cp53_ICE6G_Wael_T,243,-53.2278443963167,51.77909853051181,8.930413394256846,3.80429891568258e-05,3.718369677236746e-11,0.0,True,log
output_new96Cp33_L6G_Glac_Wael_T,244,-53.24054571351011,46.38952071967737,8.943114711450256,3.756284874717472e-05,3.043354080078467e-11,0.0,True,log
output_new71Cp410_L6G-32_Glac_Wael_T,245,-53.2614744895449,46.185650827946255,8.96404348748505,3.6784873727714154e-05,1.51213449463309e-11,0.0,True,log
output71Cp410_ICE6G_Wael_T,246,-53.27172454430426,46.17384365813076,8.97429354224441,3.640975254827548e-05,1.3728681204640233e-11,0.0,True,log
output_new71Cp33_Lambeck_Glac_Wael_S,247,-53.31720465769804,61.839393262629855,9.01977365563819,3.4790924151203064e-05,4.773227058665443e-11,0.0,True,log
output_new71Cp530_L6G_Glac_Wael_T,248,-53.36406965483819,61.104546838892006,9.066638652778337,3.319806381423922e-05,5.3655935499708e-12,0.0,True,log
output_new96Cp440_L6G-47_Glac_Wael_T,249,-53.46357777931501,51.384321028506925,9.166146777255157,3.0053629355149045e-05,6.856126394610755e-11,0.0,True,log
output_new96Cp33_L6G-47_Glac_Wael_T,250,-53.487958198225655,62.84264797739615,9.190527196165803,2.9329769144420558e-05,2.25587366669127e-11,0.0,True,log
output_new96Cp310_L6G-32_Glac_Wael_T,251,-53.502789213910226,56.66930998268777,9.205358211850374,2.8897988664219074e-05,2.6518450341497664e-11,0.0,True,log
output_new96Cp310_L6G-32_Glac_Wael_S,252,-53.50818621504016,60.343840431776975,9.21075521298031,2.8742446295466295e-05,3.274380029181688e-11,0.0,True,log
output48Cp35_ICE6G_Wael_T,253,-53.50900932478502,46.70797043692265,9.211578322725167,2.871879784181219e-05,1.6327276925741937e-11,0.0,True,log
output_new96Cp315_L6G-32_Glac_Wael_S,254,-53.510193973319595,57.24089503394278,9.212762971259743,2.8684796303946375e-05,3.323719888827765e-11,0.0,True,log
output71Cp430_ICE6G_Wael_T,255,-53.56222870473882,52.219678011379614,9.264797702678969,2.7230359405343636e-05,9.49185594184713e-12,0.0,True,log
output_new96Cp35_L6G_Glac_Wael_S,256,-53.59159987966858,70.48670668163864,9.294168877608726,2.644220295520385e-05,5.009226760352633e-11,0.0,True,log
output_new71Cp420_L6G-32_Glac_Wael_S,257,-53.607530875330525,57.574913415445714,9.310099873270673,2.6024290057601158e-05,4.5731525868276226e-11,0.0,True,log
output48Cp320_ICE6G_Wael_T,258,-53.6842325905829,53.42198342754202,9.38680158852305,2.4102814541435556e-05,5.2105094199910936e-11,0.0,True,log
output_new96Cp43_Lambeck_Glac_Wael_S,259,-53.71121979009882,61.38100413057313,9.413788788038971,2.346104579710858e-05,3.787803799538479e-11,0.0,True,log
output_new71Cp37_L6G-32_Glac_Wael_S,260,-53.72029692798606,66.76056365925822,9.42286592592621,2.32490502613912e-05,1.7719940673194643e-11,0.0,True,log
output_new71Cp43_Lambeck_Glac_Wael_S,261,-53.72637968576189,67.45363151740393,9.428948683702039,2.3108061156129527e-05,3.143540605502205e-11,0.0,True,log
output_new71Cp315_L6G-32_Glac_Wael_S,262,-53.73907601543828,68.24816178089144,9.441645013378427,2.281652820888348e-05,1.269263234593651e-13,0.0,True,log
output_new96Cp540_L6G_Glac_Wael_T,263,-53.748924943326976,56.03153836612335,9.451493941267124,2.259291286119912e-05,2.8136497115908056e-11,0.0,True,log
output96Cp510_ICE6G_Wael_T,264,-53.80351880027826,62.48263409911867,9.50608779821841,2.1392543140687263e-05,3.0423449688512853e-11,0.0,True,log
output_new71Cp315_L6G_Glac_Wael_T,265,-53.810178913027315,68.58970555596171,9.512747910967462,2.1250539795404787e-05,4.970857452668444e-11,0.0,True,log
output_new96Cp45_L6G-32_Glac_Wael_S,266,-53.82752055929339,59.21455293321256,9.530089557233538,2.0885197426182357e-05,1.7082442873943054e-11,0.0,True,log
output_new71Cp43_L6G_Glac_Wael_S,267,-53.83566490480604,59.50712767952203,9.538233902746185,2.0715791947043714e-05,7.530132864085273e-11,0.0,True,log
output71Cp540_ICE6G_Wael_T,268,-53.86178765504756,54.169525876428885,9.564356652987705,2.0181645549094725e-05,6.311651593748265e-11,0.0,True,log
output_new96Cp340_L6G-47_Glac_Wael_T,269,-53.864478018981146,52.6951191279801,9.567047016921293,2.0127422550310103e-05,3.292044036839715e-11,0.0,True,log
output71Cp57_ICE6G_Wael_T,270,-53.87413354085697,50.20363916944242,9.576702538797115,1.993401699993491e-05,1.656886145318489e-11,0.0,True,log
output96Cp57_ICE6G_Wael_T,271,-53.89696421664655,53.11377494945548,9.5995332145867,1.948406580967235e-05,6.788326249716831e-11,0.0,True,log
output96Cp520_ICE6G_Wael_T,272,-53.89894456122827,45.90434761820726,9.601513559168417,1.944551882627199e-05,2.7101278813583387e-13,0.0,True,log
output71Cp33_ICE6G_Wael_T,273,-53.902403678438915,51.737730636443814,9.604972676379063,1.937837070100576e-05,1.8752218287128896e-11,0.0,True,log
output_new71Cp540_L6G_Glac_Wael_T,274,-53.935747097772925,51.00782150000581,9.638316095713073,1.8742883101441455e-05,3.659906107382198e-11,0.0,True,log
output_new96Cp45_L6G-32_Glac_Wael_T,275,-53.95753036166027,46.191863712748145,9.660099359600416,1.8339016667168698e-05,2.1509124081093986e-11,0.0,True,log
output_new71Cp310_L6G-32_Glac_Wael_S,276,-53.99063294931928,56.43254629684362,9.693201947259425,1.7741885578570092e-05,9.705018755538792e-12,0.0,True,log
output_new96Cp415_L6G-32_Glac_Wael_S,277,-54.00029553083214,60.99053598645463,9.702864528772288,1.757127874158688e-05,3.073196874883367e-11,0.0,True,log
output_new71Cp55_L6G_Glac_Wael_S,278,-54.006259585841924,69.39671703095473,9.708828583782072,1.7466794553032155e-05,4.282952573907921e-11,0.0,True,log
output_new96Cp47_L6G-32_Glac_Wael_S,279,-54.05081787915772,58.905343890551336,9.753386877097867,1.6705588949276185e-05,8.797741102353973e-11,0.0,True,log
output_new71Cp47_L6G-32_Glac_Wael_T,280,-54.068261781729674,40.53498687706868,9.770830779669822,1.641670523821388e-05,5.817312915721482e-11,0.0,True,log
output_new71Cp47_L6G_Glac_Wael_S,281,-54.10707614293001,64.61805586040131,9.80964514087016,1.5791709186531842e-05,2.7726372987294293e-11,0.0,True,log
output_new96Cp340_L6G-32_Glac_Wael_S,282,-54.12095646440894,60.06693686112647,9.823525462349089,1.557402941384959e-05,3.2534756635653154e-11,0.0,True,log
output71Cp330_ICE6G_Wael_T,283,-54.12370669776117,48.28207953219115,9.82627569570132,1.553125604403961e-05,2.478273541774544e-11,0.0,True,log
output_new71Cp415_L6G-32_Glac_Wael_S,284,-54.197657796180174,73.7611782950654,9.900226794120321,1.4424143204072601e-05,4.961581403592656e-12,0.0,True,log
output_new96Cp43_L6G_Glac_Wael_T,285,-54.22571531143136,64.85725631127545,9.928284309371506,1.4025062374540988e-05,5.3122165810918444e-11,0.0,True,log
output_new71Cp315_L6G_Glac_Wael_S,286,-54.25529411901002,56.55236844561608,9.957863116950165,1.3616293010897109e-05,3.8095051901463794e-12,0.0,True,log
output71Cp45_ICE6G_Wael_T,287,-54.2804334906955,49.80775137602389,9.983002488635648,1.3278254796910598e-05,6.26353375340644e-11,0.0,True,log
output96Cp320_ICE6G_Wael_T,288,-54.302217909348535,50.86065317472556,10.004786907288683,1.2992123651236711e-05,2.1992293138304933e-11,0.0,True,log
output_new96Cp410_L6G-32_Glac_Wael_S,289,-54.3073151682338,59.378468720561024,10.009884166173947,1.2926067928091477e-05,4.667271097190373e-12,0.0,True,log
output_new71Cp35_Lambeck_Glac_Wael_S,290,-54.39628492288588,52.927336118598326,10.09885392082603,1.1825713695144158e-05,2.8548611901088832e-11,0.0,True,log
output96Cp340_ICE6G_Wael_T,291,-54.407252152289885,47.701263860266266,10.109821150230033,1.1696726986484591e-05,2.513701181853634e-11,0.0,True,log
output_new96Cp37_L6G-32_Glac_Wael_S,292,-54.425687312680736,70.46874902463216,10.128256310620884,1.1483071387023065e-05,3.246185910882589e-12,0.0,True,log
output_new71Cp53_Lambeck_Glac_Wael_S,293,-54.46530774351192,50.65567988466565,10.16787674145207,1.1037002228483743e-05,2.4470096615578623e-11,0.0,True,log
output_new71Cp520_L6G_Glac_Wael_T,294,-54.588843007375296,54.46513972117618,10.291412005315443,9.754397440176161e-06,1.684983416649944e-12,0.0,True,log
output_new96Cp55_L6G-47_Glac_Wael_S,295,-54.59161101287776,55.42988094777072,10.294180010817911,9.727434548315258e-06,9.64306056786202e-12,0.0,True,log
output_new96Cp430_L6G-47_Glac_Wael_T,296,-54.60517670434356,52.97291148453526,10.307745702283711,9.596366198904279e-06,2.2617570741951378e-11,0.0,True,log
output96Cp440_ICE6G_Wael_T,297,-54.60993181183302,52.20399233739868,10.31250080977317,9.55084276631166e-06,4.584322204930733e-11,0.0,True,log
output71Cp55_ICE6G_Wael_T,298,-54.65296089083394,46.57183523001075,10.355529888774086,9.148595034703323e-06,1.370025949566932e-11,0.0,True,log
output_new71Cp330_L6G-32_Glac_Wael_S,299,-54.662481750965114,53.062481264873256,10.365050748905261,9.06190587351884e-06,5.147271116580143e-11,0.0,True,log
output71Cp340_ICE6G_Wael_T,300,-54.67518776205405,52.08783354989905,10.377756759994199,8.947493598073677e-06,5.580801734107232e-11,0.0,True,log
output96Cp55_ICE6G_Wael_T,301,-54.72006294171662,46.95968674991442,10.422631939656767,8.554849100990218e-06,3.17906774218211e-11,0.0,True,log
output71Cp310_ICE6G_Wael_T,302,-54.74981968243492,61.334323212425886,10.452388680375066,8.304034888110124e-06,4.5438212690515294e-11,0.0,True,log
output96Cp330_ICE6G_Wael_T,303,-54.76821305837275,51.00557934883048,10.470782056312899,8.152691774800396e-06,3.5954457842298343e-11,0.0,True,log
output48Cp37_ICE6G_Wael_T,304,-54.78954898346034,56.87615128734906,10.49211798140049,7.980589067757506e-06,3.976296689787205e-11,0.0,True,log
output96Cp420_ICE6G_Wael_T,305,-54.820999292554106,46.69283986356639,10.523568290494254,7.733502909054118e-06,2.6959982502420886e-11,0.0,True,log
output_new71Cp510_Lambeck_Glac_Wael_T,306,-54.82809575303614,53.50876694331448,10.530664750976285,7.678816680105534e-06,2.6362130940310378e-11,0.0,True,log
output_new71Cp55_L6G-32_Glac_Wael_T,307,-54.835253633094446,57.19794190990789,10.537822631034594,7.6240488758325475e-06,1.421185025742694e-11,0.0,True,log
output_new71Cp33_Colleoni_Glac_Wael_T,308,-54.87831881950141,60.7352803062849,10.580887817441557,7.3026872051308315e-06,2.35961290551963e-11,0.0,True,log
output_new71Cp37_L6G-32_Glac_Wael_T,309,-54.96102805776934,43.61846447408788,10.663597055709488,6.722991051401817e-06,4.15109020246218e-11,0.0,True,log
output_new71Cp47_Lambeck_Glac_Wael_T,310,-54.96829448006787,56.333345085826764,10.670863478008016,6.674316020142955e-06,5.450473798768226e-11,0.0,True,log
output_new71Cp510_L6G-32_Glac_Wael_S,311,-54.97735983322711,64.60471331650145,10.67992883116726,6.614084411217198e-06,1.2314701185909321e-11,0.0,True,log
output_new96Cp55_L6G_Glac_Wael_S,312,-55.040442326441365,56.783320992722665,10.743011324381513,6.209739109869187e-06,5.0172417960891475e-11,0.0,True,log
output48Cp33_ICE6G_Wael_T,313,-55.059045943927636,48.71099828182253,10.761614941867784,6.09528344452376e-06,2.521815714096909e-11,0.0,True,log
output_new96Cp57_L6G-32_Glac_Wael_S,314,-55.07647496019664,59.33931124840954,10.77904395813679,5.989969079027617e-06,1.2371544603635596e-11,0.0,True,log
output_new96Cp35_Lambeck_Glac_Wael_S,315,-55.10269193328048,58.82241200662866,10.80526093122063,5.834970890383668e-06,3.297017835976101e-11,0.0,True,log
output96Cp45_ICE6G_Wael_T,316,-55.1070164000365,48.55825312057691,10.809585397976647,5.8097922341158735e-06,8.191562786258141e-12,0.0,True,log
output71Cp37_ICE6G_Wael_T,317,-55.14114435995973,51.05540261031388,10.84371335789988,5.614861098198785e-06,6.14173236206149e-11,0.0,True,log
output96Cp540_ICE6G_Wael_T,318,-55.14376662830024,53.72448016702212,10.84633562624039,5.600156713549157e-06,4.125311598367741e-11,0.0,True,log
output96Cp33_ICE6G_Wael_T,319,-55.147218519837324,47.68844183061467,10.849787517777472,5.580858906117554e-06,4.687350901470153e-11,0.0,True,log
output_new96Cp320_L6G-32_Glac_Wael_S,320,-55.18721949684966,55.38363053214136,10.889788494789805,5.362025059629465e-06,1.2888250134358026e-11,0.0,True,log
output_new71Cp310_L6G-47_Glac_Wael_T,321,-55.18870003073506,61.47846785694007,10.891269028675211,5.354092273665585e-06,2.0398686764475523e-11,0.0,True,log
output96Cp415_ICE6G_Wael_T,322,-55.215610804941655,49.29335284787096,10.918179802881802,5.211930920652222e-06,4.8684397847589425e-11,0.0,True,log
output_new71Cp35_L6G-32_Glac_Wael_T,323,-55.21802410943607,37.61228423816957,10.92059310737622,5.19936810938219e-06,3.5483508981290654e-11,0.0,True,log
output_new96Cp53_L6G-32_Glac_Wael_T,324,-55.23884774163523,52.743783810171166,10.94141673957538,5.092217880558096e-06,2.2979947535068962e-11,0.0,True,log
output96Cp515_ICE6G_Wael_T,325,-55.259171993485715,48.41207954674281,10.961740991425863,4.989767007189151e-06,6.947885953421311e-11,0.0,True,log
output96Cp37_ICE6G_Wael_T,326,-55.2669810786812,48.35450993574464,10.969550076621346,4.9509532387746e-06,3.7130973041867454e-11,0.0,True,log
output96Cp43_ICE6G_Wael_T,327,-55.294878351039586,58.26227536344445,10.997447348979733,4.8147439158433035e-06,2.778833117673967e-11,0.0,True,log
output96Cp315_ICE6G_Wael_T,328,-55.358247377616,49.36738355374728,11.06081637555615,4.519104399893596e-06,2.203679188984806e-12,0.0,True,log
output71Cp315_ICE6G_Wael_T,329,-55.38010939781221,52.2800337366869,11.08267839575236,4.421379769408466e-06,2.118738919562019e-11,0.0,True,log
output96Cp47_ICE6G_Wael_T,330,-55.397371100439585,48.24292947067742,11.099940098379733,4.345714164022027e-06,5.7706028695790086e-12,0.0,True,log
output_new96Cp47_L6G_Glac_Wael_S,331,-55.458479964767385,62.92648513349488,11.161048962707532,4.088103806033034e-06,2.4330974428856582e-11,0.0,True,log
output71Cp43_ICE6G_Wael_T,332,-55.51797133314153,52.63737022969258,11.22054033108168,3.851989919846884e-06,1.7650877056818575e-11,0.0,True,log
output_new71Cp35_L6G-47_Glac_Wael_S,333,-55.57558265290378,65.52067668713484,11.278151650843931,3.636343185483268e-06,1.5362929473327135e-11,0.0,True,log
output_new96Cp510_L6G-32_Glac_Wael_S,334,-55.624112596571315,56.94687002124434,11.326681594511463,3.464085294918125e-06,1.5680683043879826e-11,0.0,True,log
output_new96Cp315_Lambeck_Glac_Wael_T,335,-55.668025575465926,63.96350601555113,11.370594573406073,3.315258616909932e-06,2.691962769842996e-12,0.0,True,log
output71Cp35_ICE6G_Wael_T,336,-55.67136130917436,62.41113049122748,11.373930307114506,3.304218221142541e-06,5.882682847353326e-11,0.0,True,log
output_new96Cp415_Lambeck_Glac_Wael_T,337,-55.697829032259875,52.66593738220214,11.400398030200023,3.2179103136020475e-06,1.9609984333777214e-11,0.0,True,log
output_new71Cp440_L6G-32_Glac_Wael_S,338,-55.72532711617103,54.6853918160749,11.427896114111178,3.1306294733890043e-06,5.060286322466987e-11,0.0,True,log
output_new96Cp37_L6G_Glac_Wael_S,339,-55.75093184969555,69.96344437395992,11.453500847635695,3.0514880610703708e-06,3.7987605630449704e-11,0.0,True,log
output_new96Cp510_Lambeck_Glac_Wael_T,340,-55.775587657408494,57.744141845154346,11.478156655348641,2.9771710954007448e-06,2.5559217652524942e-11,0.0,True,log
output_new71Cp440_L6G-47_Glac_Wael_T,341,-55.84137546940012,58.98262282840629,11.543944467340268,2.7876131860213765e-06,1.0038348717282488e-10,0.0,True,log
output_new71Cp43_L6G_Glac_Wael_T,342,-55.851935302346234,56.625971591340445,11.554504300286382,2.758331334287481e-06,9.493846598308463e-12,0.0,True,log
output_new71Cp57_Lambeck_Glac_Wael_T,343,-55.87220648908434,58.94693368972198,11.574775487024489,2.7029796027908837e-06,1.2689298172044341e-11,0.0,True,log
output96Cp35_ICE6G_Wael_T,344,-55.90135515798461,49.260248917514616,11.603924155924759,2.6253285555466734e-06,7.438387523939213e-12,0.0,True,log
output_new71Cp520_L6G-47_Glac_Wael_T,345,-55.962695427082515,50.654606236166316,11.665264425022663,2.4691298055738434e-06,4.679833549359343e-11,0.0,True,log
output_new71Cp310_L6G_Glac_Wael_S,346,-55.97706913223692,62.306056493899376,11.679638130177068,2.4338931093639273e-06,3.831047397314391e-11,0.0,True,log
output_new96Cp57_L6G_Glac_Wael_S,347,-56.01773113389584,56.054938888158496,11.720300131835991,2.336911244199601e-06,2.5151222672978145e-11,0.0,True,log
output_new71Cp430_L6G-32_Glac_Wael_S,348,-56.06500547345789,53.337119743580246,11.767574471398035,2.229005978969855e-06,4.1439847751171396e-11,0.0,True,log
output_new71Cp420_Lambeck_Glac_Wael_T,349,-56.072704601062675,45.12593113100495,11.775273599002823,2.211910472196413e-06,5.271616095198815e-11,0.0,True,log
output71Cp47_ICE6G_Wael_T,350,-56.10831147624347,50.663361310335404,11.81088047418362,2.1345369415854464e-06,4.4606877690923185e-11,0.0,True,log
output_new96Cp330_L6G-32_Glac_Wael_S,351,-56.11875481482,50.94153032624847,11.821323812760149,2.112361245296176e-06,8.312128003207469e-11,0.0,True,log
output_new96Cp43_Colleoni_Glac_Wael_T,352,-56.139414521340115,54.828779345530016,11.841983519280262,2.06916819607229e-06,4.4628193972963424e-11,0.0,True,log
output_new96Cp315_L6G_Glac_Wael_S,353,-56.14223171333814,56.596867152355905,11.844800711278289,2.063347155329704e-06,1.721034056505703e-11,0.0,True,log
output96Cp53_ICE6G_Wael_T,354,-56.162089447589075,51.39552459056111,11.864658445529223,2.0227778957694107e-06,3.028944159757948e-11,0.0,True,log
output_new71Cp415_Lambeck_Glac_Wael_T,355,-56.189303702847454,56.39874984062183,11.891872700787602,1.968471803336636e-06,4.255156373548776e-12,0.0,True,log
output96Cp530_ICE6G_Wael_T,356,-56.20323297527103,56.225800997590014,11.905801973211176,1.9412425057428022e-06,3.313772290636978e-11,0.0,True,log
output71Cp510_ICE6G_Wael_T,357,-56.36261473770948,51.20382383927205,12.065183735649626,1.6552407598887228e-06,3.568956637416631e-11,0.0,True,log
output_new96Cp37_L6G-47_Glac_Wael_S,358,-56.36452799590199,58.63815023964685,12.067096993842135,1.6520768845676874e-06,5.920142546663054e-11,0.0,True,log
output_new71Cp33_L6G_Glac_Wael_T,359,-56.364831138365346,45.37834496215482,12.067400136305494,1.6515761458119594e-06,3.4757760326794966e-11,0.0,True,log
output_new96Cp410_L6G_Glac_Wael_S,360,-56.38399879859612,57.337279997589604,12.086567796536265,1.6202207600835925e-06,1.8199864025800415e-12,0.0,True,log
output_new96Cp33_L6G-32_Glac_Wael_T,361,-56.40504501981506,44.699808021328586,12.10761401775521,1.586477564440083e-06,1.6464270700515227e-11,0.0,True,log
output71Cp415_ICE6G_Wael_T,362,-56.51215850535853,48.8376109010515,12.214727503298676,1.425329057850136e-06,2.959922012616393e-11,0.0,True,log
output_new71Cp515_L6G-32_Glac_Wael_S,363,-56.5561311774594,49.56397978224045,12.258700175399547,1.364011557673971e-06,8.463559670445807e-12,0.0,True,log
output_new71Cp45_L6G-32_Glac_Wael_T,364,-56.56299260370416,43.29649945415062,12.265561601644308,1.3546845279293417e-06,2.540090759487069e-11,0.0,True,log
output_new96Cp340_Lambeck_Glac_Wael_T,365,-56.64442014365808,48.968880913303394,12.346989141598229,1.2487475219495046e-06,3.186684646599758e-11,0.0,True,log
output_new71Cp340_L6G-32_Glac_Wael_S,366,-56.72036009391203,54.08057436205469,12.422929091852176,1.1574289424720145e-06,4.667455704896523e-11,0.0,True,log
output_new71Cp430_L6G-47_Glac_Wael_T,367,-56.77113358770323,54.3665238390173,12.47370258564338,1.100129194561682e-06,5.614283482383538e-12,0.0,True,log
output_new96Cp35_Colleoni_Glac_Wael_T,368,-56.790718555666054,48.70029771870111,12.493287553606201,1.0787928176583153e-06,1.0918398754482561e-10,0.0,True,log
output_new96Cp47_L6G-47_Glac_Wael_S,369,-56.863419572501726,60.36356875526104,12.565988570441874,1.0031465778257943e-06,3.328793193344417e-11,0.0,True,log
output_new96Cp515_L6G-32_Glac_Wael_S,370,-56.93304570420369,48.38484419913331,12.63561470214384,9.356774243666573e-07,2.845112657497588e-11,0.0,True,log
output_new96Cp430_L6G-32_Glac_Wael_S,371,-56.93697666591464,54.68333624342705,12.63954566385479,9.32006532033412e-07,2.5873720616689736e-12,0.0,True,log
output_new96Cp540_L6G-32_Glac_Wael_S,372,-56.96601148334501,54.997646945450605,12.668580481285154,9.053349682216986e-07,5.32296099036414e-12,0.0,True,log
output_new71Cp37_L6G-47_Glac_Wael_S,373,-56.99726597643829,66.82755265628917,12.69983497437844,8.774767969387115e-07,4.255156373548776e-12,0.0,True,log
output_new96Cp420_L6G-32_Glac_Wael_S,374,-57.009528653782546,54.2718201536652,12.712097651722694,8.667822877720145e-07,2.3887451575286322e-11,0.0,True,log
output_new96Cp520_L6G-47_Glac_Wael_T,375,-57.0567369770808,55.233073314131296,12.75930597502095,8.268137947000534e-07,6.8344262346685465e-12,0.0,True,log
output_new96Cp45_Lambeck_Glac_Wael_S,376,-57.087379778729584,56.17302157269386,12.789948776669732,8.0186215013137e-07,3.660616650116346e-11,0.0,True,log
output96Cp310_ICE6G_Wael_T,377,-57.088408007415154,51.01840053678575,12.790977005355302,8.010380762084417e-07,6.612211170755796e-11,0.0,True,log
output_new96Cp420_Lambeck_Glac_Wael_T,378,-57.101478843377144,44.61144221305469,12.804047841317292,7.906359691294626e-07,4.3782648118724774e-11,0.0,True,log
output_new71Cp37_L6G_Glac_Wael_S,379,-57.150434883790346,69.77145213319447,12.853003881730494,7.528617450293338e-07,5.111033437098263e-11,0.0,True,log
output_new71Cp520_L6G-32_Glac_Wael_S,380,-57.16590040989729,58.41361716083341,12.868469407837438,7.413079153723453e-07,5.7888912063167414e-11,0.0,True,log
output_new96Cp310_L6G-47_Glac_Wael_S,381,-57.22344466997486,68.0112563732418,12.926013667915008,6.998540541397503e-07,4.043984246665358e-12,0.0,True,log
output_new96Cp330_Lambeck_Glac_Wael_T,382,-57.46032064619473,55.10479974686215,13.162889644134879,5.522472391432351e-07,3.7603912556406284e-11,0.0,True,log
output_new71Cp330_L6G_Glac_Wael_S,383,-57.496204629455804,63.35836036029311,13.198773627395951,5.327817468582209e-07,2.53957928240657e-11,0.0,True,log
output_new71Cp57_L6G_Glac_Wael_S,384,-57.50959096935386,63.54487774418501,13.212159967294006,5.256972726828126e-07,1.0948468507534284e-11,0.0,True,log
output_new71Cp410_L6G_Glac_Wael_S,385,-57.53187864406645,57.586737775740495,13.2344476420066,5.141103057856562e-07,4.4258711750936994e-11,0.0,True,log
output_new71Cp310_L6G-47_Glac_Wael_S,386,-57.54533062546459,55.70486489367629,13.247899623404734,5.072408112611244e-07,4.9177658132053275e-11,0.0,True,log
output_new71Cp33_L6G-32_Glac_Wael_T,387,-57.61325443793281,53.200052983636176,13.315823435872957,4.739311468158747e-07,6.072099174184108e-11,0.0,True,log
output_new71Cp35_Colleoni_Glac_Wael_T,388,-57.67373281149787,52.31694352946664,13.376301809438019,4.461180832805085e-07,2.0869635623241812e-11,0.0,True,log
output_new96Cp55_Lambeck_Glac_Wael_S,389,-57.87163094625859,52.240855916862365,13.574199944198739,3.660191091881851e-07,1.8885230749252714e-11,0.0,True,log
output_new96Cp340_L6G_Glac_Wael_S,390,-57.99053507416993,50.77526754166194,13.693104072110074,3.249857759373097e-07,2.741884895561899e-11,0.0,True,log
output_new71Cp53_L6G-32_Glac_Wael_T,391,-58.13785677970919,58.10771094543851,13.840425777649337,2.804680204817921e-07,4.292674160619625e-12,0.0,True,log
output_new71Cp540_L6G-32_Glac_Wael_S,392,-58.23345337119987,58.42251505085442,13.93602236914002,2.5489791151411187e-07,2.2942429741968838e-11,0.0,True,log
output_new71Cp45_Lambeck_Glac_Wael_S,393,-58.255955003450495,49.77328781502437,13.958524001390643,2.4922634154054734e-07,6.856538352171547e-11,0.0,True,log
output_new71Cp415_L6G_Glac_Wael_S,394,-58.300475901722464,46.10971522433064,14.003044899662612,2.3837393292895973e-07,1.735344496469472e-11,0.0,True,log
output_new96Cp440_L6G-32_Glac_Wael_S,395,-58.369613174751905,52.99834803933534,14.072182172692052,2.224502129270796e-07,4.5075835895815647e-11,0.0,True,log
output_new96Cp530_L6G-32_Glac_Wael_S,396,-58.44506918486968,53.31902730749935,14.147638182809828,2.0628264765027798e-07,3.050871481568673e-11,0.0,True,log
output_new96Cp510_L6G_Glac_Wael_S,397,-58.62900922285712,49.554287623097515,14.331578220797269,1.7162421091292602e-07,9.903970715257614e-12,0.0,True,log
output_new71Cp43_L6G-32_Glac_Wael_T,398,-58.64502713272714,50.23499875952298,14.347596130667284,1.6889704979103465e-07,2.2162823393823483e-11,0.0,True,log
output_new71Cp43_Colleoni_Glac_Wael_T,399,-58.654374617574845,46.68542328051682,14.356943615514993,1.6732564296975735e-07,5.514010717209779e-11,0.0,True,log
output_new71Cp320_L6G_Glac_Wael_S,400,-58.70723260734019,60.37470604790042,14.409801605280336,1.5871083233058965e-07,1.3868799093026003e-11,0.0,True,log
output_new71Cp47_L6G-47_Glac_Wael_S,401,-58.70876326633103,58.09815336521475,14.41133226427118,1.5846808599633617e-07,4.158906172541775e-11,0.0,True,log
output_new96Cp440_Lambeck_Glac_Wael_T,402,-58.7979138390025,43.96000754093611,14.500482836942645,1.4495199957347064e-07,2.2331362992841912e-11,0.0,True,log
output_new96Cp43_L6G-32_Glac_Wael_T,403,-58.84379162843803,46.019099308075035,14.546360626378174,1.3845216137905918e-07,3.6613271928504937e-11,0.0,True,log
output_new96Cp57_L6G-47_Glac_Wael_S,404,-58.867218858208936,49.04551274247828,14.569787856149084,1.3524630951866276e-07,3.724054019110344e-11,0.0,True,log
output_new96Cp55_L6G-32_Glac_Wael_S,405,-58.970477350312,68.985937748891,14.67304634825215,1.2197780950464251e-07,4.1724064844975593e-11,0.0,True,log
output_new96Cp320_L6G_Glac_Wael_S,406,-59.00197809296992,61.941260781452016,14.704547090910069,1.1819530651929225e-07,2.86480878837254e-11,0.0,True,log
output_new96Cp520_Lambeck_Glac_Wael_T,407,-59.004894889667995,44.944402620714726,14.707463887608142,1.1785105713622242e-07,4.0295873948680786e-11,0.0,True,log
output_new96Cp530_L6G-47_Glac_Wael_T,408,-59.11422261185969,46.89046248722275,14.816791609799836,1.0564599945610808e-07,1.3529729241884384e-11,0.0,True,log
output_new96Cp37_Lambeck_Glac_Wael_S,409,-59.13517647579616,56.00677543169356,14.837745473736305,1.0345533911027273e-07,3.776435115790485e-11,0.0,True,log
output_new71Cp530_L6G-47_Glac_Wael_T,410,-59.13686925058515,50.54430958050569,14.839438248525298,1.0328036066164399e-07,4.086842780200872e-11,0.0,True,log
output_new96Cp415_L6G_Glac_Wael_S,411,-59.23312053942008,50.14224574000829,14.935689537360226,9.380291664020695e-08,5.1557976293994946e-11,0.0,True,log
output_new96Cp420_L6G_Glac_Wael_S,412,-59.24526392008443,51.04331769861771,14.94783291802458,9.26707203740739e-08,2.7752804040091746e-11,0.0,True,log
output_new71Cp315_L6G-47_Glac_Wael_S,413,-59.2710351630083,47.3781440076356,14.973604160948447,9.031299201287131e-08,3.756738984884268e-11,0.0,True,log
output_new71Cp37_Lambeck_Glac_Wael_S,414,-59.27522962069126,51.039228596272,14.977798618631411,8.9934971339854e-08,9.252262076513057e-12,0.0,True,log
output_new71Cp340_Lambeck_Glac_Wael_T,415,-59.290864200040424,54.316731291863334,14.993433197980572,8.853981068836874e-08,1.3271943204847605e-11,0.0,True,log
output_new96Cp520_L6G-32_Glac_Wael_S,416,-59.38127059328394,58.8126377189677,15.083839591224091,8.088641575290675e-08,4.0866168029666905e-12,0.0,True,log
output_new96Cp540_L6G-47_Glac_Wael_T,417,-59.4937340383337,48.47008290303246,15.196303036273846,7.228252876985314e-08,4.125212087655099e-11,0.0,True,log
output_new96Cp410_L6G-47_Glac_Wael_S,418,-59.553441886538636,48.210444096988034,15.256010884478783,6.809301258350811e-08,1.463107046539484e-11,0.0,True,log
output_new96Cp430_Lambeck_Glac_Wael_T,419,-59.56109278319582,48.763031200457704,15.263661781135966,6.757402786199197e-08,2.653777596695846e-11,0.0,True,log
output_new71Cp55_L6G-47_Glac_Wael_S,420,-59.60893033696066,54.64261270484285,15.311499334900809,6.441755262316168e-08,7.084210612646954e-11,0.0,True,log
output_new71Cp340_L6G_Glac_Wael_S,421,-59.6363504441003,52.390057509526365,15.33891944204045,6.267521316118991e-08,2.8051231987945345e-11,0.0,True,log
output_new96Cp515_Lambeck_Glac_Wael_T,422,-59.74903856684687,50.02173495675003,15.451607564787018,5.599586912263734e-08,2.194966057442788e-11,0.0,True,log
output_new71Cp515_Lambeck_Glac_Wael_T,423,-59.79076126122316,51.50724951605157,15.493330259163308,5.370763810382053e-08,1.926567720513871e-12,0.0,True,log
output_new71Cp510_L6G_Glac_Wael_S,424,-60.04399708895907,49.79080303003862,15.746566086899215,4.169242260720133e-08,7.497746484622591e-11,0.0,True,log
output_new71Cp310_Lambeck_Glac_Wael_S,425,-60.18368751272735,42.73334258432919,15.8862565106675,3.625687347638444e-08,9.008686898712157e-12,0.0,True,log
output_new71Cp430_Lambeck_Glac_Wael_T,426,-60.23131236281023,44.85268719600662,15.933881360750377,3.457061785617571e-08,2.636312661459644e-11,0.0,True,log
output_new71Cp440_Lambeck_Glac_Wael_T,427,-60.31036815167957,52.08652784832972,16.012937149619717,3.194284900669766e-08,1.831168179485872e-11,0.0,True,log
output_new96Cp47_Lambeck_Glac_Wael_S,428,-60.48664635427084,55.5669869560448,16.189215352210987,2.6780396203950644e-08,4.627864377402542e-11,0.0,True,log
output_new96Cp53_Colleoni_Glac_Wael_T,429,-60.49020484350639,49.996205780174975,16.192773841446538,2.6685267809408514e-08,2.6990681942269327e-12,0.0,True,log
output_new96Cp310_Lambeck_Glac_Wael_S,430,-60.51341904098438,46.361639819710554,16.21598803892453,2.6072925746443444e-08,4.422517527072959e-11,0.0,True,log
output_new96Cp330_L6G_Glac_Wael_S,431,-60.58889053560534,52.02513966398234,16.291459533545485,2.4177584741783253e-08,3.760803175637231e-11,0.0,True,log
output_new71Cp420_L6G_Glac_Wael_S,432,-60.60912527359986,47.33354974991437,16.311694271540006,2.3693274123191698e-08,5.993527514036306e-11,0.0,True,log
output_new71Cp530_Lambeck_Glac_Wael_T,433,-60.674178350847285,45.58951575294074,16.376747348787433,2.22010178815256e-08,3.6849514630186114e-13,0.0,True,log
output_new96Cp530_Lambeck_Glac_Wael_T,434,-60.727734459577604,45.48454975795226,16.430303457517752,2.1043296000489734e-08,1.8766429141721304e-11,0.0,True,log
output_new71Cp520_Lambeck_Glac_Wael_T,435,-60.870950617670594,48.12458534349588,16.573519615610742,1.823542027167409e-08,1.064592198072828e-11,0.0,True,log
output_new71Cp530_L6G-32_Glac_Wael_S,436,-60.87927932301071,58.06803201038274,16.581848320950854,1.8084173548492457e-08,2.6127651838544706e-11,0.0,True,log
output_new71Cp47_Lambeck_Glac_Wael_S,437,-60.91965174549071,50.542090262421894,16.62222074343086,1.7368613294477556e-08,1.7339234110553967e-11,0.0,True,log
output_new71Cp320_L6G-47_Glac_Wael_S,438,-60.98403494128246,50.73273657085847,16.686603939222607,1.6285604334271392e-08,3.0282336170245437e-11,0.0,True,log
output_new96Cp315_L6G-47_Glac_Wael_S,439,-61.03791563011435,56.17597790741468,16.740484628054496,1.5431345442103508e-08,1.975919830711586e-11,0.0,True,log
output_new96Cp515_L6G_Glac_Wael_S,440,-61.05252004509505,47.717920273254265,16.7550890430352,1.5207617354996233e-08,2.1848193935536337e-11,0.0,True,log
output_new71Cp410_L6G-47_Glac_Wael_S,441,-61.05374630329827,47.58769497336553,16.756315301238416,1.518898031871787e-08,7.213004517798013e-12,0.0,True,log
output_new96Cp415_L6G-47_Glac_Wael_S,442,-61.173143149438786,47.50998925711354,16.875712147378934,1.3479544845661163e-08,4.1828655598628876e-11,0.0,True,log
output_new71Cp430_L6G_Glac_Wael_S,443,-61.17416903595335,47.127478429982496,16.876738033893496,1.3465723453178733e-08,1.4265708330145948e-11,0.0,True,log
output_new96Cp430_L6G_Glac_Wael_S,444,-61.19953275479348,51.84858105119524,16.90210175273363,1.3128477613379165e-08,5.811244773510847e-12,0.0,True,log
output_new71Cp540_L6G-47_Glac_Wael_T,445,-61.30236954595228,59.7650975650701,17.00493854389243,1.1845486906210392e-08,6.14315344752843e-11,0.0,True,log
output_new71Cp440_L6G_Glac_Wael_S,446,-61.38846100938672,46.07874733614027,17.091030007326864,1.0868356348466771e-08,2.236589520902337e-11,0.0,True,log
output_new96Cp510_L6G-47_Glac_Wael_S,447,-61.493634267154285,44.77002807989676,17.196203265094432,9.783352552072155e-09,6.045908610785747e-11,0.0,True,log
output_new96Cp320_L6G-47_Glac_Wael_S,448,-61.60745526124525,44.938636775962905,17.310024259185397,8.730836881307609e-09,2.483247340900289e-11,0.0,True,log
output_new96Cp57_Lambeck_Glac_Wael_S,449,-61.745644080353024,47.31680317140905,17.448213078293172,7.603984671994564e-09,1.2554295054826827e-11,0.0,True,log
output_new71Cp520_L6G_Glac_Wael_S,450,-61.803312051748634,44.89370977565191,17.50588104968878,7.177882602760727e-09,3.8958062951514615e-11,0.0,True,log
output_new71Cp57_L6G-47_Glac_Wael_S,451,-61.908095164415144,50.16485432496722,17.61066416235529,6.463825497365647e-09,3.353562683404038e-11,0.0,True,log
output_new96Cp540_Lambeck_Glac_Wael_T,452,-61.92976674374022,52.694625447708425,17.632335741680365,6.325251176056068e-09,3.749434491889586e-11,0.0,True,log
output_new96Cp510_Lambeck_Glac_Wael_S,453,-61.932443696311395,53.04490402797582,17.635012694251543,6.308341422058368e-09,4.565137551093085e-11,0.0,True,log
output_new96Cp330_L6G-47_Glac_Wael_S,454,-61.97042118728372,51.13684480629628,17.672990185223867,6.073258624180035e-09,3.1415951882326965e-12,0.0,True,log
output_new71Cp510_L6G-47_Glac_Wael_S,455,-62.2221056251216,49.57894801513174,17.924674623061748,4.7218981258873524e-09,2.6779360496083205e-11,0.0,True,log
output_new96Cp410_Lambeck_Glac_Wael_S,456,-62.233427346713945,48.27624469155478,17.935996344654093,4.668739600753895e-09,3.0930920714210066e-11,0.0,True,log
output_new96Cp440_L6G_Glac_Wael_S,457,-62.362693813188685,47.359361219799766,18.065262811128832,4.102607208030283e-09,2.2304931940101367e-11,0.0,True,log
output_new71Cp415_L6G-47_Glac_Wael_S,458,-62.387890278489415,57.68342312562642,18.090459276429563,4.000527433113046e-09,3.601641603184276e-11,0.0,True,log
output_new96Cp530_L6G_Glac_Wael_S,459,-62.401261159126804,52.211731832527526,18.10383015706695,3.947392877826372e-09,1.8631426023100974e-11,0.0,True,log
output_new96Cp37_Colleoni_Glac_Wael_T,460,-62.49136543888632,40.23636239765966,18.193934436826467,3.6072692667844867e-09,8.186448015660971e-12,0.0,True,log
output_new96Cp540_L6G_Glac_Wael_S,461,-62.7130798475885,47.973401395331834,18.41564884552865,2.88994260367265e-09,1.1097682478309612e-11,0.0,True,log
output_new71Cp315_Lambeck_Glac_Wael_S,462,-62.736332856648424,43.456771957014965,18.438901854588572,2.8235180208066347e-09,1.9555131571879868e-11,0.0,True,log
output_new71Cp330_L6G-47_Glac_Wael_S,463,-62.90834635569897,56.10745863574416,18.610915353639115,2.3773112769253157e-09,1.9377495889365308e-11,0.0,True,log
output_new96Cp540_L6G-47_Glac_Wael_S,464,-62.90886867362629,54.109709323207674,18.611437671566435,2.3760698888545866e-09,1.0325181573359595e-11,0.0,True,log
output_new71Cp340_L6G-47_Glac_Wael_S,465,-63.165458087741946,52.0980895548438,18.868027085682094,1.838331563783372e-09,2.0832117830187706e-11,0.0,True,log
output_new71Cp37_Colleoni_Glac_Wael_T,466,-63.321657984941154,49.619194672154386,19.024226982881302,1.5724870971578719e-09,7.211013861385885e-12,0.0,True,log
output_new71Cp520_L6G-47_Glac_Wael_S,467,-63.3269018164692,44.95243908406813,19.02947081440935,1.5642628219431296e-09,2.5912498362254497e-11,0.0,True,log
output_new71Cp55_Lambeck_Glac_Wael_S,468,-63.35797274691038,70.49718555353634,19.060541744850525,1.5164070325083606e-09,1.4623965038138217e-11,0.0,True,log
output_new96Cp540_Lambeck_Glac_Wael_S,469,-63.52045872163333,51.773019064048995,19.22302771957348,1.288988455258029e-09,4.089073918909298e-11,0.0,True,log
output_new96Cp440_L6G-47_Glac_Wael_S,470,-63.58338352959766,46.21389193655642,19.28595252753781,1.2103783051109418e-09,7.019167334256075e-12,0.0,True,log
output_new71Cp540_L6G_Glac_Wael_S,471,-63.683431514232566,49.06669176242174,19.386000512172714,1.0951430291451682e-09,2.9985898878747383e-11,0.0,True,log
output_new71Cp520_Lambeck_Glac_Wael_S,472,-63.75242413357143,48.104885987935255,19.45499313151158,1.022133751598499e-09,3.65939463030045e-11,0.0,True,log
output_new96Cp515_L6G-47_Glac_Wael_S,473,-63.78057790126615,64.16197154233419,19.483146899206297,9.937581497189847e-10,2.638145656577018e-11,0.0,True,log
output_new96Cp430_L6G-47_Glac_Wael_S,474,-63.80038285928562,48.80163311476998,19.502951857225767,9.742704250447529e-10,4.9490296935397115e-11,0.0,True,log
output_new96Cp420_L6G-47_Glac_Wael_S,475,-63.871253481021604,48.039941465357984,19.573822478961752,9.076131913812942e-10,1.3293259486553015e-11,0.0,True,log
output_new96Cp315_Lambeck_Glac_Wael_S,476,-64.04192535092648,42.5815652566142,19.744494348866624,7.652070243254984e-10,2.9458106599573285e-11,0.0,True,log
output_new96Cp340_L6G-47_Glac_Wael_S,477,-64.07925513104455,51.20899008216496,19.781824128984695,7.371686043055807e-10,1.132505614825171e-11,0.0,True,log
output_new71Cp515_L6G-47_Glac_Wael_S,478,-64.26451294360766,49.5577254037791,19.967081941547804,6.125060528462269e-10,3.796529378002001e-11,0.0,True,log
output_new71Cp420_L6G-47_Glac_Wael_S,479,-64.26662480452893,49.70030927472474,19.96919380246908,6.112138901633467e-10,5.320444478260474e-11,0.0,True,log
output_new71Cp530_L6G_Glac_Wael_S,480,-64.3088015668758,52.67769283077759,20.011370564815948,5.859709419897953e-10,2.8338435387850204e-11,0.0,True,log
output_new71Cp515_L6G_Glac_Wael_S,481,-64.34377166606487,55.04396028500332,20.046340664005015,5.658336339867704e-10,4.70318190728789e-11,0.0,True,log
output_new71Cp320_Lambeck_Glac_Wael_S,482,-64.35678500533906,42.731963633300424,20.05935400327921,5.585179528956301e-10,1.145295383769013e-11,0.0,True,log
output_new71Cp53_Colleoni_Glac_Wael_T,483,-64.46752760380238,48.81050355589653,20.17009660174253,4.999680339975555e-10,2.7964971857929892e-11,0.0,True,log
output_new71Cp540_Lambeck_Glac_Wael_T,484,-64.47546673257663,57.87386832039873,20.178035730516783,4.960144382120528e-10,4.031719023071369e-11,0.0,True,log
output_new71Cp33_Colleoni_Glac_Wael_S,485,-64.48458966418167,54.58671100117445,20.187158662121817,4.915099109065108e-10,3.254896749032755e-11,0.0,True,log
output_new96Cp415_Lambeck_Glac_Wael_S,486,-64.50943010236365,58.27294537683117,20.2119991003038,4.794509839340597e-10,2.5145112211214848e-11,0.0,True,log
output_new96Cp33_Colleoni_Glac_Wael_S,487,-64.57006975732064,49.95792600726456,20.272638755260786,4.5124120125598283e-10,5.294353462718366e-11,0.0,True,log
output_new71Cp510_Lambeck_Glac_Wael_S,488,-64.59094937798017,51.22882878921863,20.293518375920314,4.419171363571497e-10,4.516110102397949e-11,0.0,True,log
output_new71Cp530_L6G-47_Glac_Wael_S,489,-64.7176275940295,46.13337831939345,20.420196591969642,3.8933656459050695e-10,8.360444909154588e-11,0.0,True,log
output_new96Cp520_Lambeck_Glac_Wael_S,490,-64.73732469047538,46.064831406693855,20.439893688415523,3.8174279782047714e-10,3.635946720073954e-11,0.0,True,log
output_new96Cp520_L6G_Glac_Wael_S,491,-64.8198608413232,52.70054414180938,20.522429839263353,3.515004272844605e-10,2.6717402306656625e-11,0.0,True,log
output_new96Cp420_Lambeck_Glac_Wael_S,492,-64.86514306681927,49.57503921279704,20.56771206475942,3.3593869950110145e-10,7.010233500048904e-14,0.0,True,log
output_new96Cp320_Lambeck_Glac_Wael_S,493,-65.08135662689355,45.76991272160453,20.7839256248337,2.706198696821843e-10,5.1577301919517147e-11,0.0,True,log
output_new71Cp530_Lambeck_Glac_Wael_S,494,-65.14405860654092,43.257833844631705,20.84662760448107,2.541724977800917e-10,2.276479405906303e-11,0.0,True,log
output_new96Cp430_Lambeck_Glac_Wael_S,495,-65.20516592933438,50.863913220107854,20.907734927274532,2.391057299513046e-10,1.2959304406640438e-11,0.0,True,log
output_new71Cp57_Lambeck_Glac_Wael_S,496,-65.20543954356083,51.36940935469917,20.908008541500976,2.390403161717089e-10,7.296051893108369e-11,0.0,True,log
output_new96Cp520_L6G-47_Glac_Wael_S,497,-65.23325414021028,47.16811747504393,20.935823138150425,2.3248312179592326e-10,1.0211721144602238e-10,0.0,True,log
output_new96Cp45_Colleoni_Glac_Wael_T,498,-65.45739387995731,47.87711197576219,21.159962877897456,1.8580131209428936e-10,2.0951071935992303e-12,0.0,True,log
output_new71Cp540_L6G-47_Glac_Wael_S,499,-65.6142445900137,45.51009134876098,21.316813587953845,1.5882884536040994e-10,5.819544092428521e-11,0.0,True,log
output_new96Cp515_Lambeck_Glac_Wael_S,500,-65.63399069929584,55.28121958626364,21.336559697235984,1.5572335520075494e-10,2.2203465301189446e-11,0.0,True,log
output_new71Cp330_Lambeck_Glac_Wael_S,501,-65.67303984485812,42.204413334587,21.375608842798272,1.4975968709022815e-10,2.980826319541167e-11,0.0,True,log
output_new71Cp430_L6G-47_Glac_Wael_S,502,-65.77942325443699,56.37521403175458,21.48199225237714,1.346459194239618e-10,5.837620072187865e-11,0.0,True,log
output_new71Cp440_Lambeck_Glac_Wael_S,503,-65.88974279044264,45.524364938146746,21.592311788382787,1.2058187439127897e-10,3.7068019278372534e-11,0.0,True,log
output_new71Cp540_Lambeck_Glac_Wael_S,504,-65.95830326070316,45.95285183833258,21.66087225864331,1.1259175705479766e-10,2.255163123959757e-11,0.0,True,log
output_new96Cp340_Lambeck_Glac_Wael_S,505,-66.19053012350375,46.28914495053334,21.893099121443896,8.925894544132866e-11,3.238554266157416e-11,0.0,True,log
output_new96Cp440_Lambeck_Glac_Wael_S,506,-66.41408737843594,47.1683302748588,22.116656376376085,7.137762106408209e-11,1.104083906085949e-11,0.0,True,log
output_new71Cp410_Lambeck_Glac_Wael_S,507,-66.43148757848263,53.18170031912844,22.13405657642278,7.014637917106486e-11,4.972989080873103e-11,0.0,True,log
output_new71Cp440_L6G-47_Glac_Wael_S,508,-66.45448344390206,45.44906751332605,22.15705244184221,6.855170816841849e-11,2.3441800310705983e-11,0.0,True,log
output_new96Cp530_Lambeck_Glac_Wael_S,509,-66.63405059272407,51.62309580033187,22.336619590664213,5.7283989851408006e-11,5.668610418431891e-11,0.0,True,log
output_new71Cp430_Lambeck_Glac_Wael_S,510,-66.67282444754944,47.73529457831319,22.375393445489593,5.510537826869931e-11,1.6738396924638583e-11,0.0,True,log
output_new71Cp55_Colleoni_Glac_Wael_T,511,-66.71904094858616,45.39711566616448,22.421609946526303,5.261655581691125e-11,1.750677785455604e-11,0.0,True,log
output_new71Cp340_Lambeck_Glac_Wael_S,512,-66.79028299570831,43.23806597211234,22.492851993648458,4.899845526787573e-11,4.680956016857175e-11,0.0,True,log
output_new71Cp515_Lambeck_Glac_Wael_S,513,-66.82107707043257,52.31242966102897,22.523646068372713,4.751258853625507e-11,2.5550121568681188e-11,0.0,True,log
output_new71Cp415_Lambeck_Glac_Wael_S,514,-66.95102135089361,48.223032054909964,22.65359034883376,4.1722911621505255e-11,7.12773939454979e-12,0.0,True,log
output_new96Cp310_Colleoni_Glac_Wael_T,515,-66.97108805275471,43.33317806948487,22.673657050694857,4.089401482001449e-11,5.840462243120766e-11,0.0,True,log
output_new96Cp530_L6G-47_Glac_Wael_S,516,-67.09863786801752,55.17167051262852,22.801206865957667,3.599693875148985e-11,4.382826687572893e-11,0.0,True,log
output_new71Cp45_Colleoni_Glac_Wael_T,517,-67.20269235941701,49.2253128604888,22.905261357357162,3.243958410606753e-11,6.11198908515706e-11,0.0,True,log
output_new71Cp310_Colleoni_Glac_Wael_T,518,-67.41182120992157,42.88549752315551,23.114390207861717,2.6317932692534018e-11,4.1658125342344036e-11,0.0,True,log
output_new96Cp330_Lambeck_Glac_Wael_S,519,-67.55817611344955,49.69744656440069,23.260745111389696,2.273477418460608e-11,3.296818770323807e-11,0.0,True,log
output_new71Cp47_Colleoni_Glac_Wael_T,520,-67.8205313936828,45.822755493479214,23.523100391622947,1.7488444953863526e-11,1.3342997477203538e-11,0.0,True,log
output_new96Cp53_Colleoni_Glac_Wael_S,521,-67.95886162403878,54.37484691678198,23.661430621978923,1.5229131567988454e-11,2.6068817763418053e-11,0.0,True,log
output_new71Cp315_Colleoni_Glac_Wael_T,522,-68.12677040780723,45.31133252974605,23.829339405747376,1.287517914166378e-11,1.2469029928191886e-11,0.0,True,log
output_new96Cp47_Colleoni_Glac_Wael_T,523,-68.14416003753064,46.71685030090765,23.846729035470787,1.2653220030487173e-11,5.280328430830773e-12,0.0,True,log
output_new96Cp43_Colleoni_Glac_Wael_S,524,-68.32242615680904,47.89124888062557,24.024995154749192,1.0587198804628303e-11,3.509086652934515e-12,0.0,True,log
output_new71Cp57_Colleoni_Glac_Wael_T,525,-68.53906708036561,44.79027664601006,24.24163607830576,8.525014191088109e-12,5.8081754086972683e-11,0.0,True,log
output_new71Cp420_Lambeck_Glac_Wael_S,526,-68.88654358652778,47.2713813120843,24.589112584467927,6.022654937680792e-12,4.570111350236156e-11,0.0,True,log
output_new96Cp55_Colleoni_Glac_Wael_T,527,-68.95259764495418,46.92122369928042,24.65516664289433,5.637688399341751e-12,4.920408918492196e-11,0.0,True,log
output_new96Cp57_Colleoni_Glac_Wael_T,528,-70.02041043070399,45.9682478984501,25.722979428644138,1.9380093489430285e-12,4.007361504448518e-11,0.0,True,log
output_new71Cp43_Colleoni_Glac_Wael_S,529,-70.67918274517994,59.435584308591395,26.38175174312009,1.0028932002462682e-12,2.3022580098969535e-11,0.0,True,log
output_new71Cp35_Colleoni_Glac_Wael_S,530,-70.75558658101413,49.08128859755503,26.458155578954276,9.291223827501176e-13,1.3151150941872774e-11,0.0,True,log
output_new71Cp510_Colleoni_Glac_Wael_T,531,-71.34894612600928,46.65931998904709,27.05151512394943,5.133104979046882e-13,2.692857446996364e-11,0.0,True,log
output_new96Cp410_Colleoni_Glac_Wael_T,532,-71.38089784698516,49.323706556427624,27.08346684492531,4.971685981062403e-13,2.7619791577353485e-11,0.0,True,log
output_new71Cp410_Colleoni_Glac_Wael_T,533,-71.507038650044,46.179716827578105,27.209607647984143,4.3824950623007506e-13,6.21095359100129e-11,0.0,True,log
output_new96Cp315_Colleoni_Glac_Wael_T,534,-71.55930431215066,46.50726131521455,27.261873310090806,4.1593239498869095e-13,4.112422318503116e-11,0.0,True,log
output_new71Cp330_Colleoni_Glac_Wael_T,535,-71.66157490505043,50.21532694551075,27.364143902990577,3.7549762343192936e-13,4.709576791900952e-11,0.0,True,log
output_new71Cp340_Colleoni_Glac_Wael_T,536,-71.86077636688987,45.00597249253542,27.563345364830013,3.0767704580284864e-13,2.543131996068644e-11,0.0,True,log
output_new71Cp53_Colleoni_Glac_Wael_S,537,-71.94859615230526,43.85202119575456,27.651165150245404,2.818093827965594e-13,7.0851068329711955e-12,0.0,True,log
output_new96Cp340_Colleoni_Glac_Wael_T,538,-72.28671424847727,49.276056860863505,27.989283246417415,2.009613897237725e-13,1.7194139053979806e-11,0.0,True,log
output_new71Cp440_Colleoni_Glac_Wael_T,539,-72.39179892128882,41.24979004523598,28.094367919228972,1.8091514801870571e-13,8.260968926323362e-11,0.0,True,log
output_new71Cp415_Colleoni_Glac_Wael_T,540,-72.73877941609203,46.51478381733042,28.441348414032177,1.2787428477083812e-13,2.2567832750744476e-11,0.0,True,log
output_new71Cp530_Colleoni_Glac_Wael_T,541,-72.78279678768183,52.80476185190091,28.48536578562198,1.2236767713104307e-13,1.422307576855598e-11,0.0,True,log
output_new71Cp45_Colleoni_Glac_Wael_S,542,-72.7966202999567,45.36006754637242,28.499189297896848,1.2068776394533687e-13,9.891750517450215e-12,0.0,True,log
output_new96Cp320_Colleoni_Glac_Wael_T,543,-72.82860181130275,48.59498510414724,28.531170809242894,1.1688905485887099e-13,4.091731572865665e-12,0.0,True,log
output_new71Cp320_Colleoni_Glac_Wael_T,544,-73.08408611743506,53.4622321460082,28.78665511537521,9.053539957272115e-14,2.3311911962463407e-11,0.0,True,log
output_new96Cp35_Colleoni_Glac_Wael_S,545,-73.17356146457854,50.40367423509525,28.876130462518688,8.278654784734889e-14,1.0435054073094686e-12,0.0,True,log
output_new96Cp515_Colleoni_Glac_Wael_T,546,-73.22542227613525,40.46182899902116,28.927991274075396,7.860259946988551e-14,6.770861266375395e-11,0.0,True,log
output_new71Cp520_Colleoni_Glac_Wael_T,547,-73.40519347620067,41.560242682744764,29.107762474140813,6.566943331997e-14,4.2581830897248756e-11,0.0,True,log
output_new96Cp415_Colleoni_Glac_Wael_T,548,-73.41536782567307,50.46929848621292,29.11793682361322,6.500467702158794e-14,2.183597373742753e-11,0.0,True,log
output_new71Cp515_Colleoni_Glac_Wael_T,549,-73.55550123899394,39.03319537944793,29.25807023693409,5.6504812310666624e-14,3.5492605065154797e-11,0.0,True,log
output_new71Cp55_Colleoni_Glac_Wael_S,550,-73.75291589119475,42.328371695081465,29.455484889134894,4.6381986225938557e-14,2.8245069182385156e-11,0.0,True,log
output_new96Cp55_Colleoni_Glac_Wael_S,551,-73.76652122813042,41.827928613797965,29.469090226070563,4.575521704671431e-14,2.8365861447005928e-11,0.0,True,log
output_new71Cp430_Colleoni_Glac_Wael_T,552,-73.79552923863638,45.45655203656175,29.498098236576524,4.444701512990322e-14,4.982936679161537e-11,0.0,True,log
output_new71Cp420_Colleoni_Glac_Wael_T,553,-73.84041705226147,44.276982511098765,29.54298605020162,4.249600174420372e-14,1.0095817248078555e-11,0.0,True,log
output_new71Cp310_Colleoni_Glac_Wael_S,554,-73.85598531735616,40.255016770139726,29.558554315296306,4.1839535998909526e-14,1.4472760409272459e-11,0.0,True,log
output_new71Cp57_Colleoni_Glac_Wael_S,555,-73.96999796830976,44.15359744458435,29.672566966249903,3.733118658731998e-14,7.222155448759892e-11,0.0,True,log
output_new71Cp540_Colleoni_Glac_Wael_T,556,-74.13841296604525,38.41254643199763,29.8409819639854,3.154496792793479e-14,4.85523805253807e-11,0.0,True,log
output_new96Cp45_Colleoni_Glac_Wael_S,557,-74.20742151389587,50.31116890339168,29.909990511836014,2.944150852663533e-14,2.1133532193569895e-11,0.0,True,log
output_new96Cp510_Colleoni_Glac_Wael_T,558,-74.38514622018661,51.75615496864915,30.08771521812676,2.4647631901577654e-14,8.62698449286465e-12,0.0,True,log
output_new96Cp330_Colleoni_Glac_Wael_T,559,-74.50626484044535,46.403707887962014,30.2088338383855,2.1836048536993433e-14,5.280853150753607e-11,0.0,True,log
output_new96Cp37_Colleoni_Glac_Wael_S,560,-74.82618219309396,44.91710632673936,30.528751191034104,1.5857536147839346e-14,2.2901787834586946e-11,0.0,True,log
output_new96Cp320_Colleoni_Glac_Wael_S,561,-74.84197832696235,43.8339025630179,30.544547324902496,1.5609016377277537e-14,7.23233014221583e-12,0.0,True,log
output_new71Cp315_Colleoni_Glac_Wael_S,562,-75.01903283218019,42.50556779415112,30.721601830120335,1.307620563632147e-14,4.132616091365164e-11,0.0,True,log
output_new96Cp420_Colleoni_Glac_Wael_T,563,-75.10956656426187,49.11949985510301,30.812135562202016,1.1944375318135296e-14,4.783473236320259e-11,0.0,True,log
output_new96Cp430_Colleoni_Glac_Wael_T,564,-75.15261521912103,53.646529117427306,30.85518421706118,1.1441096485999982e-14,6.733302047779666e-11,0.0,True,log
output_new71Cp37_Colleoni_Glac_Wael_S,565,-75.32619192814803,49.25723135124416,31.028760926088182,9.61798822907151e-15,2.4088394196765764e-11,0.0,True,log
output_new71Cp47_Colleoni_Glac_Wael_S,566,-75.35475579844594,44.808681343557936,31.057324796386084,9.347147800724993e-15,3.7912570044450384e-11,0.0,True,log
output_new96Cp520_Colleoni_Glac_Wael_T,567,-75.89345296192717,44.150337534693726,31.596021959867315,5.4541352652859715e-15,4.505836947836246e-12,0.0,True,log
output_new96Cp440_Colleoni_Glac_Wael_T,568,-75.9209457418267,51.158791185039306,31.623514739766847,5.306228426184113e-15,9.193428003226981e-12,0.0,True,log
output_new96Cp47_Colleoni_Glac_Wael_S,569,-75.94602749674843,51.84809207930596,31.648596494688576,5.1747940973653e-15,2.404576163284397e-11,0.0,True,log
output_new96Cp310_Colleoni_Glac_Wael_S,570,-76.01724174343002,47.265705775424884,31.719810741370168,4.819090916450776e-15,4.322331001490155e-11,0.0,True,log
output_new96Cp57_Colleoni_Glac_Wael_S,571,-76.20726633561002,41.89770762099608,31.909835333550163,3.9850932473324626e-15,1.3293259486553015e-11,0.0,True,log
output_new71Cp510_Colleoni_Glac_Wael_S,572,-76.39287524017325,41.27843879376675,32.0954442381134,3.3100119742684084e-15,1.8894326833061306e-11,0.0,True,log
output_new96Cp530_Colleoni_Glac_Wael_T,573,-76.75081530542889,45.165633919373974,32.453384303369035,2.314078938730048e-15,4.571432922834409e-11,0.0,True,log
output_new96Cp330_Colleoni_Glac_Wael_S,574,-77.28978528705727,44.41312346348059,32.99235428499742,1.349915178992284e-15,1.975919830711586e-11,0.0,True,log
output_new71Cp420_Colleoni_Glac_Wael_S,575,-77.29850764055938,40.35204475759735,33.001076638499526,1.3381919430327253e-15,4.87452225791955e-11,0.0,True,log
output_new71Cp340_Colleoni_Glac_Wael_S,576,-77.50334937113149,48.755101386575525,33.20591836907164,1.0903270270146283e-15,4.2418406068299054e-11,0.0,True,log
output_new71Cp415_Colleoni_Glac_Wael_S,577,-77.5523072984971,37.67524535384277,33.254876296437246,1.0382325005822997e-15,2.7298056691030504e-11,0.0,True,log
output_new96Cp415_Colleoni_Glac_Wael_S,578,-77.61957577662037,45.07257373279368,33.32214477456051,9.706894085591618e-16,2.613803102686742e-12,0.0,True,log
output_new71Cp330_Colleoni_Glac_Wael_S,579,-77.77624951715207,44.95906932631132,33.478818515092215,8.299229033858602e-16,3.680511846672726e-11,0.0,True,log
output_new96Cp315_Colleoni_Glac_Wael_S,580,-78.02973935881418,48.01529002825093,33.73230835675433,6.440928980471665e-16,3.603261754304851e-11,0.0,True,log
output_new71Cp515_Colleoni_Glac_Wael_S,581,-78.15596787661204,47.55261703793052,33.858536874552186,5.677121144789293e-16,5.40713069193158e-11,0.0,True,log
output_new96Cp540_Colleoni_Glac_Wael_T,582,-78.16563658922354,48.89759767507847,33.868205587163686,5.62249519882724e-16,6.729835487747706e-12,0.0,True,log
output_new96Cp340_Colleoni_Glac_Wael_S,583,-78.39926813773357,49.53924024482269,34.10183713567372,4.451067710846431e-16,8.678609696593524e-13,0.0,True,log
output_new71Cp530_Colleoni_Glac_Wael_S,584,-78.52449733374362,43.86564183799846,34.22706633168377,3.9271532769928446e-16,2.9516940674756845e-11,0.0,True,log
output_new71Cp520_Colleoni_Glac_Wael_S,585,-78.5325134239894,42.86998625008683,34.23508242192955,3.8957987003733293e-16,1.2739036162611931e-11,0.0,True,log
output_new96Cp410_Colleoni_Glac_Wael_S,586,-79.00911039349683,48.9856338769511,34.711679391436974,2.418873042182429e-16,3.4149679297937295e-11,0.0,True,log
output_new96Cp440_Colleoni_Glac_Wael_S,587,-79.12636387399299,45.486513276418876,34.828932871933134,2.1512482738748487e-16,2.1698979961983774e-11,0.0,True,log
output_new71Cp320_Colleoni_Glac_Wael_S,588,-79.33388105372461,49.95476405622372,35.03645005166476,1.7481028014965354e-16,2.8644836149222704e-12,0.0,True,log
output_new96Cp430_Colleoni_Glac_Wael_S,589,-79.36859160033116,53.22633493609558,35.071160598271305,1.6884661948445905e-16,4.181444474393838e-11,0.0,True,log
output_new71Cp430_Colleoni_Glac_Wael_S,590,-79.79200568891011,47.86543641997018,35.49457468685026,1.1056202074698623e-16,5.381750219123588e-11,0.0,True,log
output_new96Cp420_Colleoni_Glac_Wael_S,591,-79.86621928081199,55.56420729281467,35.56878827875214,1.0265389070003729e-16,4.5786378630528866e-11,0.0,True,log
output_new71Cp410_Colleoni_Glac_Wael_S,592,-80.04140763447474,43.945284280074176,35.743976632414885,8.615729968600995e-17,5.689926700484598e-11,0.0,True,log
output_new71Cp440_Colleoni_Glac_Wael_S,593,-80.33071322731178,48.65295686990692,36.033282225251924,6.451315127989806e-17,2.2859155270688964e-11,0.0,True,log
output_new96Cp520_Colleoni_Glac_Wael_S,594,-80.34449708378922,57.533467663552884,36.04706608172937,6.3630011778282e-17,4.861108266395046e-12,0.0,True,log
output_new71Cp540_Colleoni_Glac_Wael_S,595,-81.02812243451348,39.52281354497556,36.730691432453625,3.211938980764893e-17,1.8553266322854908e-11,0.0,True,log
output_new96Cp515_Colleoni_Glac_Wael_S,596,-81.09177587143353,56.71860334554909,36.794344869373674,3.0138591334793496e-17,3.3312234474086376e-11,0.0,True,log
output_new96Cp510_Colleoni_Glac_Wael_S,597,-81.45134822982915,52.29324463872534,37.1539172277693,2.103597561056152e-17,1.747736133910504e-11,0.0,True,log
output_new96Cp540_Colleoni_Glac_Wael_S,598,-82.00511323216851,57.327616352367244,37.70768223010866,1.2091093340235067e-17,2.407418334212508e-11,0.0,True,log
output_new96Cp530_Colleoni_Glac_Wael_S,599,-82.45097817430333,58.21116546663124,38.15354717224348,7.741567231837246e-18,1.9455655589668507e-11,0.0,True,log
